"Project","Year","Estimate","SE","p10","p90","Use","UseNotes","Type","CV","Lower","Upper","ProjSeq","Table","Stock","Coverage","SurveyType","ProjLabel","ProjLabelFrench","Watershed","WSShort","Site","DataNotes"
"AndreafskyWeir",1994,8046,80,NA,NA,TRUE,"TBI","Weir",0.00994282873477504,7886,8206,3,"Yes","Lower","Tributary","Weir","Andy Weir","Déversoir Andreafsky","Andreafsky","Andreafsky","Andreafsky Mainstem","TBI"
"AndreafskyWeir",1995,5790,0,NA,NA,TRUE,"TBI","Weir",0,5790,5790,3,"Yes","Lower","Tributary","Weir","Andy Weir","Déversoir Andreafsky","Andreafsky","Andreafsky","Andreafsky Mainstem","TBI"
"AndreafskyWeir",1996,2928,0,NA,NA,TRUE,"TBI","Weir",0,2928,2928,3,"Yes","Lower","Tributary","Weir","Andy Weir","Déversoir Andreafsky","Andreafsky","Andreafsky","Andreafsky Mainstem","TBI"
"AndreafskyWeir",1997,3076,0,NA,NA,TRUE,"TBI","Weir",0,3076,3076,3,"Yes","Lower","Tributary","Weir","Andy Weir","Déversoir Andreafsky","Andreafsky","Andreafsky","Andreafsky Mainstem","TBI"
"AndreafskyWeir",1998,3975,0,NA,NA,TRUE,"TBI","Weir",0,3975,3975,3,"Yes","Lower","Tributary","Weir","Andy Weir","Déversoir Andreafsky","Andreafsky","Andreafsky","Andreafsky Mainstem","TBI"
"AndreafskyWeir",1999,3357,15.25,NA,NA,TRUE,"TBI","Weir",0.00454274649985106,3326,3388,3,"Yes","Lower","Tributary","Weir","Andy Weir","Déversoir Andreafsky","Andreafsky","Andreafsky","Andreafsky Mainstem","TBI"
"AndreafskyWeir",2000,1576,192.5,NA,NA,TRUE,"TBI","Weir",0.122144670050761,1191,1961,3,"Yes","Lower","Tributary","Weir","Andy Weir","Déversoir Andreafsky","Andreafsky","Andreafsky","Andreafsky Mainstem","TBI"
"AndreafskyWeir",2002,4106,0,NA,NA,TRUE,"TBI","Weir",0,4106,4106,3,"Yes","Lower","Tributary","Weir","Andy Weir","Déversoir Andreafsky","Andreafsky","Andreafsky","Andreafsky Mainstem","TBI"
"AndreafskyWeir",2003,4311,0,NA,NA,TRUE,"TBI","Weir",0,4311,4311,3,"Yes","Lower","Tributary","Weir","Andy Weir","Déversoir Andreafsky","Andreafsky","Andreafsky","Andreafsky Mainstem","TBI"
"AndreafskyWeir",2004,7920,50.25,NA,NA,TRUE,"TBI","Weir",0.00634469696969697,7820,8020,3,"Yes","Lower","Tributary","Weir","Andy Weir","Déversoir Andreafsky","Andreafsky","Andreafsky","Andreafsky Mainstem","TBI"
"AndreafskyWeir",2005,2177,91,NA,NA,TRUE,"TBI","Weir",0.0418006430868167,1995,2359,3,"Yes","Lower","Tributary","Weir","Andy Weir","Déversoir Andreafsky","Andreafsky","Andreafsky","Andreafsky Mainstem","TBI"
"AndreafskyWeir",2006,6522,0,NA,NA,TRUE,"TBI","Weir",0,6522,6522,3,"Yes","Lower","Tributary","Weir","Andy Weir","Déversoir Andreafsky","Andreafsky","Andreafsky","Andreafsky Mainstem","TBI"
"AndreafskyWeir",2007,4620,0,NA,NA,TRUE,"TBI","Weir",0,4620,4620,3,"Yes","Lower","Tributary","Weir","Andy Weir","Déversoir Andreafsky","Andreafsky","Andreafsky","Andreafsky Mainstem","TBI"
"AndreafskyWeir",2008,4383,0,NA,NA,TRUE,"TBI","Weir",0,4383,4383,3,"Yes","Lower","Tributary","Weir","Andy Weir","Déversoir Andreafsky","Andreafsky","Andreafsky","Andreafsky Mainstem","TBI"
"AndreafskyWeir",2009,3762,0,NA,NA,TRUE,"TBI","Weir",0,3762,3762,3,"Yes","Lower","Tributary","Weir","Andy Weir","Déversoir Andreafsky","Andreafsky","Andreafsky","Andreafsky Mainstem","TBI"
"AndreafskyWeir",2010,2647,0,NA,NA,TRUE,"TBI","Weir",0,2647,2647,3,"Yes","Lower","Tributary","Weir","Andy Weir","Déversoir Andreafsky","Andreafsky","Andreafsky","Andreafsky Mainstem","TBI"
"AndreafskyWeir",2011,5234,28.75,NA,NA,TRUE,"TBI","Weir",0.00549293083683607,5176,5292,3,"Yes","Lower","Tributary","Weir","Andy Weir","Déversoir Andreafsky","Andreafsky","Andreafsky","Andreafsky Mainstem","TBI"
"AndreafskyWeir",2012,2742,0,NA,NA,TRUE,"TBI","Weir",0,2742,2742,3,"Yes","Lower","Tributary","Weir","Andy Weir","Déversoir Andreafsky","Andreafsky","Andreafsky","Andreafsky Mainstem","TBI"
"AndreafskyWeir",2013,2129,16.5,NA,NA,TRUE,"TBI","Weir",0.00775011742602161,2096,2162,3,"Yes","Lower","Tributary","Weir","Andy Weir","Déversoir Andreafsky","Andreafsky","Andreafsky","Andreafsky Mainstem","TBI"
"AndreafskyWeir",2014,5961,7.75,NA,NA,TRUE,"TBI","Weir",0.00130011742996142,5946,5976,3,"Yes","Lower","Tributary","Weir","Andy Weir","Déversoir Andreafsky","Andreafsky","Andreafsky","Andreafsky Mainstem","TBI"
"AndreafskyWeir",2015,6096,144,NA,NA,TRUE,"TBI","Weir",0.0236220472440945,5808,6384,3,"Yes","Lower","Tributary","Weir","Andy Weir","Déversoir Andreafsky","Andreafsky","Andreafsky","Andreafsky Mainstem","TBI"
"AndreafskyWeir",2016,2764,0,NA,NA,TRUE,"TBI","Weir",0,2764,2764,3,"Yes","Lower","Tributary","Weir","Andy Weir","Déversoir Andreafsky","Andreafsky","Andreafsky","Andreafsky Mainstem","TBI"
"AndreafskyWeir",2017,2975,3.36,NA,NA,TRUE,"TBI","Weir",0.00112941176470588,2968,2982,3,"Yes","Lower","Tributary","Weir","Andy Weir","Déversoir Andreafsky","Andreafsky","Andreafsky","Andreafsky Mainstem","TBI"
"AndreafskyWeir",2018,4171,157.73,NA,NA,TRUE,"TBI","Weir",0.0378158714936466,3856,4486,3,"Yes","Lower","Tributary","Weir","Andy Weir","Déversoir Andreafsky","Andreafsky","Andreafsky","Andreafsky Mainstem","TBI"
"AndreafskyWeir",2019,5134,108.87,NA,NA,TRUE,"TBI","Weir",0.0212056875730425,4916,5352,3,"Yes","Lower","Tributary","Weir","Andy Weir","Déversoir Andreafsky","Andreafsky","Andreafsky","Andreafsky Mainstem","TBI"
"BorderMR",1982,32951.89655,4256.505988,NA,NA,TRUE,"Chapman/Peterson","MR",0.129173323348516,24439,41465,23,"Yes","Canada","Mainstem","MR","Border MR","MR frontière","Mainstem","Mainstem","",""
"BorderMR",1983,42970.70506,2379.146203,NA,NA,TRUE,"Chapman/Peterson","MR",0.0553667015627972,38212,47729,23,"Yes","Canada","Mainstem","MR","Border MR","MR frontière","Mainstem","Mainstem","",""
"BorderMR",1984,43911,NA,NA,NA,FALSE,"Not a MR estimate. Using CDN Harvest + Aerial Survey Index Expansion","Other",NA,NA,NA,23,"Yes","Canada","Mainstem","MR","Border MR","MR frontière","Mainstem","Mainstem","",""
"BorderMR",1985,30933.24215,1221.444849,NA,NA,TRUE,"Chapman/Peterson","MR",0.0394864800487782,28490,33376,23,"Yes","Canada","Mainstem","MR","Border MR","MR frontière","Mainstem","Mainstem","",""
"BorderMR",1986,36478.50213,1490.776549,NA,NA,TRUE,"Chapman/Peterson","MR",0.0408672632359535,33497,39460,23,"Yes","Canada","Mainstem","MR","Border MR","MR frontière","Mainstem","Mainstem","",""
"BorderMR",1987,29684.5123,1635.962235,NA,NA,TRUE,"Chapman/Peterson","MR",0.0551116426797418,26413,32956,23,"Yes","Canada","Mainstem","MR","Border MR","MR frontière","Mainstem","Mainstem","",""
"BorderMR",1988,44444.9027,2725.522069,NA,NA,TRUE,"Chapman/Peterson","MR",0.0613236142600443,38994,49896,23,"Yes","Canada","Mainstem","MR","Border MR","MR frontière","Mainstem","Mainstem","",""
"BorderMR",1989,47013.11675,3302.661331,NA,NA,TRUE,"Chapman/Peterson","MR",0.0702497847263019,40408,53618,23,"Yes","Canada","Mainstem","MR","Border MR","MR frontière","Mainstem","Mainstem","",""
"BorderMR",1990,56678.88982,3717.969407,NA,NA,TRUE,"Chapman/Peterson","MR",0.0655970753627581,49243,64115,23,"Yes","Canada","Mainstem","MR","Border MR","MR frontière","Mainstem","Mainstem","",""
"BorderMR",1991,41187.01097,2036.828956,NA,NA,TRUE,"Chapman/Peterson","MR",0.0494531870128569,37113,45261,23,"Yes","Canada","Mainstem","MR","Border MR","MR frontière","Mainstem","Mainstem","",""
"BorderMR",1992,43185.31453,2096.799467,NA,NA,TRUE,"Chapman/Peterson","MR",0.0485535300557645,38992,47379,23,"Yes","Canada","Mainstem","MR","Border MR","MR frontière","Mainstem","Mainstem","",""
"BorderMR",1993,45027.02863,2815.306706,NA,NA,TRUE,"Chapman/Peterson","MR",0.0625248165748218,39396,50658,23,"Yes","Canada","Mainstem","MR","Border MR","MR frontière","Mainstem","Mainstem","",""
"BorderMR",1994,45230.53003,2602.270997,NA,NA,TRUE,"Chapman/Peterson","MR",0.0575335065778357,40026,50435,23,"Yes","Canada","Mainstem","MR","Border MR","MR frontière","Mainstem","Mainstem","",""
"BorderMR",1995,52352.76513,2523.144778,NA,NA,TRUE,"Chapman/Peterson","MR",0.0481950623187647,47306,57399,23,"Yes","Canada","Mainstem","MR","Border MR","MR frontière","Mainstem","Mainstem","",""
"BorderMR",1996,47955.21176,2618.396937,NA,NA,TRUE,"Chapman/Peterson","MR",0.0546008836350095,42718,53192,23,"Yes","Canada","Mainstem","MR","Border MR","MR frontière","Mainstem","Mainstem","",""
"BorderMR",1997,53399.92419,3829.83991,NA,NA,TRUE,"Chapman/Peterson","MR",0.0717199503200269,45740,61060,23,"Yes","Canada","Mainstem","MR","Border MR","MR frontière","Mainstem","Mainstem","",""
"BorderMR",1998,22588,NA,NA,NA,TRUE,"Chapman/Peterson, source data for SE calculation not available.","MR",NA,NA,NA,23,"Yes","Canada","Mainstem","MR","Border MR","MR frontière","Mainstem","Mainstem","",""
"BorderMR",1999,23716,NA,NA,NA,TRUE,"SPAS ","MR",NA,NA,NA,23,"Yes","Canada","Mainstem","MR","Border MR","MR frontière","Mainstem","Mainstem","",""
"BorderMR",2000,16173,NA,NA,NA,TRUE,"SPAS ","MR",NA,NA,NA,23,"Yes","Canada","Mainstem","MR","Border MR","MR frontière","Mainstem","Mainstem","",""
"BorderMR",2001,52207,NA,NA,NA,TRUE,"SPAS  ","MR",NA,NA,NA,23,"Yes","Canada","Mainstem","MR","Border MR","MR frontière","Mainstem","Mainstem","",""
"BorderMR",2002,49214,NA,NA,NA,TRUE,"SPAS ","MR",NA,NA,NA,23,"Yes","Canada","Mainstem","MR","Border MR","MR frontière","Mainstem","Mainstem","",""
"BorderMR",2003,56929,NA,NA,NA,TRUE,"SPAS ","MR",NA,NA,NA,23,"Yes","Canada","Mainstem","MR","Border MR","MR frontière","Mainstem","Mainstem","",""
"BorderMR",2004,48111,NA,NA,NA,TRUE,"SPAS ","MR",NA,NA,NA,23,"Yes","Canada","Mainstem","MR","Border MR","MR frontière","Mainstem","Mainstem","",""
"BorderMR",2005,42245,NA,NA,NA,TRUE,"SPAS ","MR",NA,NA,NA,23,"Yes","Canada","Mainstem","MR","Border MR","MR frontière","Mainstem","Mainstem","",""
"BorderMR",2006,36748,NA,NA,NA,TRUE,"SPAS ","MR",NA,NA,NA,23,"Yes","Canada","Mainstem","MR","Border MR","MR frontière","Mainstem","Mainstem","",""
"BorderMR",2007,22120,NA,NA,NA,TRUE,"SPAS ","MR",NA,NA,NA,23,"Yes","Canada","Mainstem","MR","Border MR","MR frontière","Mainstem","Mainstem","",""
"BorderMR",2008,14666,1588.32579,NA,NA,TRUE,"Chapman/Peterson","MR",0.108299862948316,11489,17843,23,"Yes","Canada","Mainstem","MR","Border MR","MR frontière","Mainstem","Mainstem","",""
"WolfAerial",1970,71,NA,NA,NA,FALSE,"Poor quality rating","Aerial",NA,NA,NA,40,"Yes","Canada","Tributary","Aerial","Wolf Air","RA Wolf","Teslin Headwaters","Teslin HW","Wolf",""
"WolfAerial",1971,750,NA,NA,NA,TRUE,"TBI","Aerial",NA,NA,NA,40,"Yes","Canada","Tributary","Aerial","Wolf Air","RA Wolf","Teslin Headwaters","Teslin HW","Wolf",""
"WolfAerial",1972,13,NA,NA,NA,TRUE,"TBI","Aerial",NA,NA,NA,40,"Yes","Canada","Tributary","Aerial","Wolf Air","RA Wolf","Teslin Headwaters","Teslin HW","Wolf",""
"WolfAerial",1975,40,NA,NA,NA,FALSE,"Poor quality rating","Aerial",NA,NA,NA,40,"Yes","Canada","Tributary","Aerial","Wolf Air","RA Wolf","Teslin Headwaters","Teslin HW","Wolf",""
"WolfAerial",1979,183,NA,NA,NA,FALSE,"Poor quality rating","Aerial",NA,NA,NA,40,"Yes","Canada","Tributary","Aerial","Wolf Air","RA Wolf","Teslin Headwaters","Teslin HW","Wolf",""
"WolfAerial",1980,482,NA,NA,NA,TRUE,"TBI","Aerial",NA,NA,NA,40,"Yes","Canada","Tributary","Aerial","Wolf Air","RA Wolf","Teslin Headwaters","Teslin HW","Wolf",""
"WolfAerial",1981,502,NA,NA,NA,TRUE,"TBI","Aerial",NA,NA,NA,40,"Yes","Canada","Tributary","Aerial","Wolf Air","RA Wolf","Teslin Headwaters","Teslin HW","Wolf",""
"WolfAerial",1982,225,NA,NA,NA,TRUE,"TBI","Aerial",NA,NA,NA,40,"Yes","Canada","Tributary","Aerial","Wolf Air","RA Wolf","Teslin Headwaters","Teslin HW","Wolf",""
"WolfAerial",1983,252,NA,NA,NA,TRUE,"TBI","Aerial",NA,NA,NA,40,"Yes","Canada","Tributary","Aerial","Wolf Air","RA Wolf","Teslin Headwaters","Teslin HW","Wolf",""
"WolfAerial",1984,374,NA,NA,NA,TRUE,"TBI","Aerial",NA,NA,NA,40,"Yes","Canada","Tributary","Aerial","Wolf Air","RA Wolf","Teslin Headwaters","Teslin HW","Wolf",""
"WolfAerial",1985,226,NA,NA,NA,TRUE,"TBI","Aerial",NA,NA,NA,40,"Yes","Canada","Tributary","Aerial","Wolf Air","RA Wolf","Teslin Headwaters","Teslin HW","Wolf",""
"WolfAerial",1986,271,NA,NA,NA,TRUE,"TBI","Aerial",NA,NA,NA,40,"Yes","Canada","Tributary","Aerial","Wolf Air","RA Wolf","Teslin Headwaters","Teslin HW","Wolf",""
"WolfAerial",1987,39,NA,NA,NA,TRUE,"TBI","Aerial",NA,NA,NA,40,"Yes","Canada","Tributary","Aerial","Wolf Air","RA Wolf","Teslin Headwaters","Teslin HW","Wolf",""
"WolfAerial",1988,78,NA,NA,NA,TRUE,"TBI","Aerial",NA,NA,NA,40,"Yes","Canada","Tributary","Aerial","Wolf Air","RA Wolf","Teslin Headwaters","Teslin HW","Wolf",""
"WolfAerial",1989,135,NA,NA,NA,TRUE,"TBI","Aerial",NA,NA,NA,40,"Yes","Canada","Tributary","Aerial","Wolf Air","RA Wolf","Teslin Headwaters","Teslin HW","Wolf",""
"WolfAerial",1990,380,NA,NA,NA,TRUE,"TBI","Aerial",NA,NA,NA,40,"Yes","Canada","Tributary","Aerial","Wolf Air","RA Wolf","Teslin Headwaters","Teslin HW","Wolf",""
"WolfAerial",1991,201,NA,NA,NA,TRUE,"TBI","Aerial",NA,NA,NA,40,"Yes","Canada","Tributary","Aerial","Wolf Air","RA Wolf","Teslin Headwaters","Teslin HW","Wolf",""
"WolfAerial",1992,110,NA,NA,NA,TRUE,"TBI","Aerial",NA,NA,NA,40,"Yes","Canada","Tributary","Aerial","Wolf Air","RA Wolf","Teslin Headwaters","Teslin HW","Wolf",""
"WolfAerial",1993,168,NA,NA,NA,TRUE,"TBI","Aerial",NA,NA,NA,40,"Yes","Canada","Tributary","Aerial","Wolf Air","RA Wolf","Teslin Headwaters","Teslin HW","Wolf",""
"WolfAerial",1994,393,NA,NA,NA,TRUE,"TBI","Aerial",NA,NA,NA,40,"Yes","Canada","Tributary","Aerial","Wolf Air","RA Wolf","Teslin Headwaters","Teslin HW","Wolf",""
"WolfAerial",1995,229,NA,NA,NA,TRUE,"TBI","Aerial",NA,NA,NA,40,"Yes","Canada","Tributary","Aerial","Wolf Air","RA Wolf","Teslin Headwaters","Teslin HW","Wolf",""
"WolfAerial",1996,705,NA,NA,NA,TRUE,"TBI","Aerial",NA,NA,NA,40,"Yes","Canada","Tributary","Aerial","Wolf Air","RA Wolf","Teslin Headwaters","Teslin HW","Wolf",""
"WolfAerial",1997,322,NA,NA,NA,TRUE,"TBI","Aerial",NA,NA,NA,40,"Yes","Canada","Tributary","Aerial","Wolf Air","RA Wolf","Teslin Headwaters","Teslin HW","Wolf",""
"WolfAerial",1998,66,NA,NA,NA,TRUE,"TBI","Aerial",NA,NA,NA,40,"Yes","Canada","Tributary","Aerial","Wolf Air","RA Wolf","Teslin Headwaters","Teslin HW","Wolf",""
"WolfAerial",1999,131,NA,NA,NA,TRUE,"TBI","Aerial",NA,NA,NA,40,"Yes","Canada","Tributary","Aerial","Wolf Air","RA Wolf","Teslin Headwaters","Teslin HW","Wolf",""
"WolfAerial",2000,32,NA,NA,NA,TRUE,"TBI","Aerial",NA,NA,NA,40,"Yes","Canada","Tributary","Aerial","Wolf Air","RA Wolf","Teslin Headwaters","Teslin HW","Wolf",""
"WolfAerial",2001,154,NA,NA,NA,TRUE,"TBI","Aerial",NA,NA,NA,40,"Yes","Canada","Tributary","Aerial","Wolf Air","RA Wolf","Teslin Headwaters","Teslin HW","Wolf",""
"WolfAerial",2002,84,NA,NA,NA,TRUE,"TBI","Aerial",NA,NA,NA,40,"Yes","Canada","Tributary","Aerial","Wolf Air","RA Wolf","Teslin Headwaters","Teslin HW","Wolf",""
"WolfAerial",2003,292,NA,NA,NA,TRUE,"TBI","Aerial",NA,NA,NA,40,"Yes","Canada","Tributary","Aerial","Wolf Air","RA Wolf","Teslin Headwaters","Teslin HW","Wolf",""
"WolfAerial",2004,226,NA,NA,NA,TRUE,"TBI","Aerial",NA,NA,NA,40,"Yes","Canada","Tributary","Aerial","Wolf Air","RA Wolf","Teslin Headwaters","Teslin HW","Wolf",""
"WolfAerial",2005,260,NA,NA,NA,TRUE,"TBI","Aerial",NA,NA,NA,40,"Yes","Canada","Tributary","Aerial","Wolf Air","RA Wolf","Teslin Headwaters","Teslin HW","Wolf",""
"WolfAerial",2006,114,NA,NA,NA,TRUE,"TBI","Aerial",NA,NA,NA,40,"Yes","Canada","Tributary","Aerial","Wolf Air","RA Wolf","Teslin Headwaters","Teslin HW","Wolf",""
"WolfAerial",2007,54,NA,NA,NA,TRUE,"TBI","Aerial",NA,NA,NA,40,"Yes","Canada","Tributary","Aerial","Wolf Air","RA Wolf","Teslin Headwaters","Teslin HW","Wolf",""
"WolfAerial",2008,22,NA,NA,NA,TRUE,"TBI","Aerial",NA,NA,NA,40,"Yes","Canada","Tributary","Aerial","Wolf Air","RA Wolf","Teslin Headwaters","Teslin HW","Wolf",""
"WolfAerial",2009,134,NA,NA,NA,TRUE,"TBI","Aerial",NA,NA,NA,40,"Yes","Canada","Tributary","Aerial","Wolf Air","RA Wolf","Teslin Headwaters","Teslin HW","Wolf",""
"WolfAerial",2010,94,NA,NA,NA,TRUE,"TBI","Aerial",NA,NA,NA,40,"Yes","Canada","Tributary","Aerial","Wolf Air","RA Wolf","Teslin Headwaters","Teslin HW","Wolf",""
"WolfAerial",2011,81,NA,NA,NA,TRUE,"TBI","Aerial",NA,NA,NA,40,"Yes","Canada","Tributary","Aerial","Wolf Air","RA Wolf","Teslin Headwaters","Teslin HW","Wolf",""
"WolfAerial",2020,11,NA,NA,NA,TRUE,"TBI","Aerial",NA,NA,NA,40,"Yes","Canada","Tributary","Aerial","Wolf Air","RA Wolf","Teslin Headwaters","Teslin HW","Wolf",""
"EagleSonar",2005,81528,353,NA,NA,TRUE,"TBI","Sonar",0.00432980080463154,80822,82234,22,"Yes","Canada","Mainstem","Sonar","Eagle Sonar","Sonar Eagle","Mainstem","Mainstem","Border","TBI"
"EagleSonar",2006,73691,245,NA,NA,TRUE,"TBI","Sonar",0.00332469365322767,73201,74181,22,"Yes","Canada","Mainstem","Sonar","Eagle Sonar","Sonar Eagle","Mainstem","Mainstem","Border","TBI"
"EagleSonar",2007,41697,143,NA,NA,TRUE,"TBI","Sonar",0.00342950332158189,41411,41983,22,"Yes","Canada","Mainstem","Sonar","Eagle Sonar","Sonar Eagle","Mainstem","Mainstem","Border","TBI"
"EagleSonar",2008,38097,116,NA,NA,TRUE,"TBI","Sonar",0.00304485917526314,37865,38329,22,"Yes","Canada","Mainstem","Sonar","Eagle Sonar","Sonar Eagle","Mainstem","Mainstem","Border","TBI"
"EagleSonar",2009,69957,172,NA,NA,TRUE,"TBI","Sonar",0.00245865317266321,69613,70301,22,"Yes","Canada","Mainstem","Sonar","Eagle Sonar","Sonar Eagle","Mainstem","Mainstem","Border","TBI"
"EagleSonar",2010,35074,82,NA,NA,TRUE,"TBI","Sonar",0.00233791412442265,34910,35238,22,"Yes","Canada","Mainstem","Sonar","Eagle Sonar","Sonar Eagle","Mainstem","Mainstem","Border","TBI"
"EagleSonar",2011,52271,135,NA,NA,TRUE,"TBI","Sonar",0.00258269403684643,52001,52541,22,"Yes","Canada","Mainstem","Sonar","Eagle Sonar","Sonar Eagle","Mainstem","Mainstem","Border","TBI"
"EagleSonar",2012,34747,199,NA,NA,TRUE,"TBI","Sonar",0.00572711313206896,34349,35145,22,"Yes","Canada","Mainstem","Sonar","Eagle Sonar","Sonar Eagle","Mainstem","Mainstem","Border","TBI"
"EagleSonar",2013,30725,82,NA,NA,TRUE,"TBI","Sonar",0.00266883645240033,30561,30889,22,"Yes","Canada","Mainstem","Sonar","Eagle Sonar","Sonar Eagle","Mainstem","Mainstem","Border","TBI"
"EagleSonar",2014,63482,415,NA,NA,TRUE,"TBI","Sonar",0.00653728615985634,62652,64312,22,"Yes","Canada","Mainstem","Sonar","Eagle Sonar","Sonar Eagle","Mainstem","Mainstem","Border","TBI"
"EagleSonar",2015,84015,488,NA,NA,TRUE,"TBI","Sonar",0.00580848657977742,83039,84991,22,"Yes","Canada","Mainstem","Sonar","Eagle Sonar","Sonar Eagle","Mainstem","Mainstem","Border","TBI"
"EagleSonar",2016,72329,391,NA,NA,TRUE,"TBI","Sonar",0.00540585380691009,71547,73111,22,"Yes","Canada","Mainstem","Sonar","Eagle Sonar","Sonar Eagle","Mainstem","Mainstem","Border","TBI"
"EagleSonar",2017,73268,373,NA,NA,TRUE,"TBI","Sonar",0.00509089916471038,72522,74014,22,"Yes","Canada","Mainstem","Sonar","Eagle Sonar","Sonar Eagle","Mainstem","Mainstem","Border","TBI"
"EagleSonar",2018,57893,361,NA,NA,TRUE,"TBI","Sonar",0.00623564161470299,57171,58615,22,"Yes","Canada","Mainstem","Sonar","Eagle Sonar","Sonar Eagle","Mainstem","Mainstem","Border","TBI"
"EagleSonar",2019,45560,274,NA,NA,TRUE,"TBI","Sonar",0.00601404741000878,45012,46108,22,"Yes","Canada","Mainstem","Sonar","Eagle Sonar","Sonar Eagle","Mainstem","Mainstem","Border","TBI"
"HenshawWeir",2000,193,NA,NA,NA,TRUE,NA,"Weir",NA,NA,NA,14,"Yes","Middle","Tributary","Weir","Henshaw Weir","Déversoir Henshaw","Koyukuk","Koyukuk","","Have file with daily counts. Should I just sum them up?"
"HenshawWeir",2001,1091,NA,NA,NA,TRUE,NA,"Weir",NA,NA,NA,14,"Yes","Middle","Tributary","Weir","Henshaw Weir","Déversoir Henshaw","Koyukuk","Koyukuk","","Have file with daily counts. Should I just sum them up?"
"HenshawWeir",2002,649,NA,NA,NA,TRUE,NA,"Weir",NA,NA,NA,14,"Yes","Middle","Tributary","Weir","Henshaw Weir","Déversoir Henshaw","Koyukuk","Koyukuk","","Have file with daily counts. Should I just sum them up?"
"HenshawWeir",2003,748,NA,NA,NA,TRUE,NA,"Weir",NA,NA,NA,14,"Yes","Middle","Tributary","Weir","Henshaw Weir","Déversoir Henshaw","Koyukuk","Koyukuk","","Have file with daily counts. Should I just sum them up?"
"HenshawWeir",2004,1247,NA,NA,NA,TRUE,NA,"Weir",NA,NA,NA,14,"Yes","Middle","Tributary","Weir","Henshaw Weir","Déversoir Henshaw","Koyukuk","Koyukuk","","Have file with daily counts. Should I just sum them up?"
"HenshawWeir",2005,1059,NA,NA,NA,TRUE,NA,"Weir",NA,NA,NA,14,"Yes","Middle","Tributary","Weir","Henshaw Weir","Déversoir Henshaw","Koyukuk","Koyukuk","","Have file with daily counts. Should I just sum them up?"
"HenshawWeir",2007,740,NA,NA,NA,TRUE,NA,"Weir",NA,NA,NA,14,"Yes","Middle","Tributary","Weir","Henshaw Weir","Déversoir Henshaw","Koyukuk","Koyukuk","","Have file with daily counts. Should I just sum them up?"
"HenshawWeir",2008,766,NA,NA,NA,TRUE,NA,"Weir",NA,NA,NA,14,"Yes","Middle","Tributary","Weir","Henshaw Weir","Déversoir Henshaw","Koyukuk","Koyukuk","","Have file with daily counts. Should I just sum them up?"
"HenshawWeir",2009,1637,NA,NA,NA,TRUE,NA,"Weir",NA,NA,NA,14,"Yes","Middle","Tributary","Weir","Henshaw Weir","Déversoir Henshaw","Koyukuk","Koyukuk","","Have file with daily counts. Should I just sum them up?"
"HenshawWeir",2010,857,NA,NA,NA,TRUE,"4 days with high water were filled in with linear interpolation","Weir",NA,NA,NA,14,"Yes","Middle","Tributary","Weir","Henshaw Weir","Déversoir Henshaw","Koyukuk","Koyukuk","","Have file with daily counts. Should I just sum them up?"
"HenshawWeir",2011,1796,NA,NA,NA,TRUE,NA,"Weir",NA,NA,NA,14,"Yes","Middle","Tributary","Weir","Henshaw Weir","Déversoir Henshaw","Koyukuk","Koyukuk","","Have file with daily counts. Should I just sum them up?"
"HenshawWeir",2012,922,NA,NA,NA,TRUE,NA,"Weir",NA,NA,NA,14,"Yes","Middle","Tributary","Weir","Henshaw Weir","Déversoir Henshaw","Koyukuk","Koyukuk","","Have file with daily counts. Should I just sum them up?"
"HenshawWeir",2013,772,NA,NA,NA,TRUE,"5 days with high water were filled in with linear interpolation","Weir",NA,NA,NA,14,"Yes","Middle","Tributary","Weir","Henshaw Weir","Déversoir Henshaw","Koyukuk","Koyukuk","","Have file with daily counts. Should I just sum them up?"
"HenshawWeir",2015,2391,NA,NA,NA,TRUE,NA,"Weir",NA,NA,NA,14,"Yes","Middle","Tributary","Weir","Henshaw Weir","Déversoir Henshaw","Koyukuk","Koyukuk","","Have file with daily counts. Should I just sum them up?"
"HenshawWeir",2016,1354,NA,NA,NA,TRUE,"1 day with high water was filled in with linear interpolation","Weir",NA,NA,NA,14,"Yes","Middle","Tributary","Weir","Henshaw Weir","Déversoir Henshaw","Koyukuk","Koyukuk","","Have file with daily counts. Should I just sum them up?"
"HenshawWeir",2017,677,NA,NA,NA,TRUE,NA,"Weir",NA,NA,NA,14,"Yes","Middle","Tributary","Weir","Henshaw Weir","Déversoir Henshaw","Koyukuk","Koyukuk","","Have file with daily counts. Should I just sum them up?"
"HenshawWeir",2019,441,NA,NA,NA,TRUE,"1 day with smoke was filled in with linear interpolation","Weir",NA,NA,NA,14,"Yes","Middle","Tributary","Weir","Henshaw Weir","Déversoir Henshaw","Koyukuk","Koyukuk","","Have file with daily counts. Should I just sum them up?"
"AndreafskyEastAerial",1961,1003,NA,NA,NA,TRUE,"TBI","Aerial",NA,NA,NA,4,"Yes","Lower","Tributary","Aerial","Andy E Air","RA Andreafsky - Est","Andreafsky","Andreafsky","Andreafsky East Fork","Only total count available"
"AndreafskyEastAerial",1962,675,NA,NA,NA,FALSE,"???","Aerial",NA,NA,NA,4,"Yes","Lower","Tributary","Aerial","Andy E Air","RA Andreafsky - Est","Andreafsky","Andreafsky","Andreafsky East Fork","Only total count available"
"AndreafskyEastAerial",1964,867,NA,NA,NA,TRUE,"TBI","Aerial",NA,NA,NA,4,"Yes","Lower","Tributary","Aerial","Andy E Air","RA Andreafsky - Est","Andreafsky","Andreafsky","Andreafsky East Fork","Only total count available"
"AndreafskyEastAerial",1966,361,NA,NA,NA,TRUE,"TBI","Aerial",NA,NA,NA,4,"Yes","Lower","Tributary","Aerial","Andy E Air","RA Andreafsky - Est","Andreafsky","Andreafsky","Andreafsky East Fork","Only total count available"
"AndreafskyEastAerial",1968,383,NA,NA,NA,TRUE,"TBI","Aerial",NA,NA,NA,4,"Yes","Lower","Tributary","Aerial","Andy E Air","RA Andreafsky - Est","Andreafsky","Andreafsky","Andreafsky East Fork","Only total count available"
"AndreafskyEastAerial",1969,274,NA,NA,NA,TRUE,"TBI","Aerial",NA,NA,NA,4,"Yes","Lower","Tributary","Aerial","Andy E Air","RA Andreafsky - Est","Andreafsky","Andreafsky","Andreafsky East Fork","Only total count available"
"AndreafskyEastAerial",1970,665,NA,NA,NA,FALSE,"???","Aerial",NA,NA,NA,4,"Yes","Lower","Tributary","Aerial","Andy E Air","RA Andreafsky - Est","Andreafsky","Andreafsky","Andreafsky East Fork","Only total count available"
"AndreafskyEastAerial",1971,1904,NA,NA,NA,TRUE,"TBI","Aerial",NA,NA,NA,4,"Yes","Lower","Tributary","Aerial","Andy E Air","RA Andreafsky - Est","Andreafsky","Andreafsky","Andreafsky East Fork","Only total count available"
"AndreafskyEastAerial",1972,798,NA,NA,NA,TRUE,"TBI","Aerial",NA,NA,NA,4,"Yes","Lower","Tributary","Aerial","Andy E Air","RA Andreafsky - Est","Andreafsky","Andreafsky","Andreafsky East Fork","Only total count available"
"AndreafskyEastAerial",1973,825,NA,NA,NA,TRUE,"TBI","Aerial",NA,NA,NA,4,"Yes","Lower","Tributary","Aerial","Andy E Air","RA Andreafsky - Est","Andreafsky","Andreafsky","Andreafsky East Fork","Only total count available"
"AndreafskyEastAerial",1975,993,NA,NA,NA,TRUE,"TBI","Aerial",NA,NA,NA,4,"Yes","Lower","Tributary","Aerial","Andy E Air","RA Andreafsky - Est","Andreafsky","Andreafsky","Andreafsky East Fork","Only total count available"
"AndreafskyEastAerial",1976,818,NA,NA,NA,TRUE,"TBI","Aerial",NA,NA,NA,4,"Yes","Lower","Tributary","Aerial","Andy E Air","RA Andreafsky - Est","Andreafsky","Andreafsky","Andreafsky East Fork","Only total count available"
"AndreafskyEastAerial",1977,2008,NA,NA,NA,TRUE,"TBI","Aerial",NA,NA,NA,4,"Yes","Lower","Tributary","Aerial","Andy E Air","RA Andreafsky - Est","Andreafsky","Andreafsky","Andreafsky East Fork","Only total count available"
"AndreafskyEastAerial",1978,2487,NA,NA,NA,TRUE,"TBI","Aerial",NA,NA,NA,4,"Yes","Lower","Tributary","Aerial","Andy E Air","RA Andreafsky - Est","Andreafsky","Andreafsky","Andreafsky East Fork","Only total count available"
"AndreafskyEastAerial",1979,1180,NA,NA,NA,TRUE,"TBI","Aerial",NA,NA,NA,4,"Yes","Lower","Tributary","Aerial","Andy E Air","RA Andreafsky - Est","Andreafsky","Andreafsky","Andreafsky East Fork","Only total count available"
"AndreafskyEastAerial",1980,958,NA,NA,NA,FALSE,"Poor","Aerial",NA,NA,NA,4,"Yes","Lower","Tributary","Aerial","Andy E Air","RA Andreafsky - Est","Andreafsky","Andreafsky","Andreafsky East Fork","Only total count available"
"AndreafskyEastAerial",1981,2146,NA,NA,NA,FALSE,"???","Aerial",NA,NA,NA,4,"Yes","Lower","Tributary","Aerial","Andy E Air","RA Andreafsky - Est","Andreafsky","Andreafsky","Andreafsky East Fork","Only total count available"
"AndreafskyEastAerial",1982,1274,NA,NA,NA,TRUE,"TBI","Aerial",NA,NA,NA,4,"Yes","Lower","Tributary","Aerial","Andy E Air","RA Andreafsky - Est","Andreafsky","Andreafsky","Andreafsky East Fork","Only total count available"
"AndreafskyEastAerial",1984,1573,NA,NA,NA,FALSE,"???","Aerial",NA,NA,NA,4,"Yes","Lower","Tributary","Aerial","Andy E Air","RA Andreafsky - Est","Andreafsky","Andreafsky","Andreafsky East Fork","Only total count available"
"AndreafskyEastAerial",1985,1617,NA,NA,NA,TRUE,"TBI","Aerial",NA,NA,NA,4,"Yes","Lower","Tributary","Aerial","Andy E Air","RA Andreafsky - Est","Andreafsky","Andreafsky","Andreafsky East Fork","Only total count available"
"AndreafskyEastAerial",1986,1954,NA,NA,NA,TRUE,"TBI","Aerial",NA,NA,NA,4,"Yes","Lower","Tributary","Aerial","Andy E Air","RA Andreafsky - Est","Andreafsky","Andreafsky","Andreafsky East Fork","Only total count available"
"AndreafskyEastAerial",1987,1608,NA,NA,NA,TRUE,"TBI","Aerial",NA,NA,NA,4,"Yes","Lower","Tributary","Aerial","Andy E Air","RA Andreafsky - Est","Andreafsky","Andreafsky","Andreafsky East Fork","Only total count available"
"AndreafskyEastAerial",1988,1020,NA,NA,NA,TRUE,"TBI","Aerial",NA,NA,NA,4,"Yes","Lower","Tributary","Aerial","Andy E Air","RA Andreafsky - Est","Andreafsky","Andreafsky","Andreafsky East Fork","Only total count available"
"AndreafskyEastAerial",1989,1399,NA,NA,NA,TRUE,"TBI","Aerial",NA,NA,NA,4,"Yes","Lower","Tributary","Aerial","Andy E Air","RA Andreafsky - Est","Andreafsky","Andreafsky","Andreafsky East Fork","Only total count available"
"AndreafskyEastAerial",1990,2503,NA,NA,NA,TRUE,"TBI","Aerial",NA,NA,NA,4,"Yes","Lower","Tributary","Aerial","Andy E Air","RA Andreafsky - Est","Andreafsky","Andreafsky","Andreafsky East Fork","Only total count available"
"AndreafskyEastAerial",1991,1938,NA,NA,NA,TRUE,"TBI","Aerial",NA,NA,NA,4,"Yes","Lower","Tributary","Aerial","Andy E Air","RA Andreafsky - Est","Andreafsky","Andreafsky","Andreafsky East Fork","Only total count available"
"AndreafskyEastAerial",1992,1030,NA,NA,NA,FALSE,"Poor","Aerial",NA,NA,NA,4,"Yes","Lower","Tributary","Aerial","Andy E Air","RA Andreafsky - Est","Andreafsky","Andreafsky","Andreafsky East Fork","Only total count available"
"AndreafskyEastAerial",1993,5855,NA,NA,NA,TRUE,"TBI","Aerial",NA,NA,NA,4,"Yes","Lower","Tributary","Aerial","Andy E Air","RA Andreafsky - Est","Andreafsky","Andreafsky","Andreafsky East Fork","Only total count available"
"AndreafskyEastAerial",1994,300,NA,NA,NA,FALSE,"Incomplete","Aerial",NA,NA,NA,4,"Yes","Lower","Tributary","Aerial","Andy E Air","RA Andreafsky - Est","Andreafsky","Andreafsky","Andreafsky East Fork","Only total count available"
"AndreafskyEastAerial",1995,1635,NA,NA,NA,TRUE,"TBI","Aerial",NA,NA,NA,4,"Yes","Lower","Tributary","Aerial","Andy E Air","RA Andreafsky - Est","Andreafsky","Andreafsky","Andreafsky East Fork","Only total count available"
"AndreafskyEastAerial",1997,1140,NA,NA,NA,TRUE,"TBI","Aerial",NA,NA,NA,4,"Yes","Lower","Tributary","Aerial","Andy E Air","RA Andreafsky - Est","Andreafsky","Andreafsky","Andreafsky East Fork","Only total count available"
"AndreafskyEastAerial",1998,1027,NA,NA,NA,TRUE,"TBI","Aerial",NA,NA,NA,4,"Yes","Lower","Tributary","Aerial","Andy E Air","RA Andreafsky - Est","Andreafsky","Andreafsky","Andreafsky East Fork","Only total count available"
"AndreafskyEastAerial",2000,1018,NA,NA,NA,TRUE,"TBI","Aerial",NA,NA,NA,4,"Yes","Lower","Tributary","Aerial","Andy E Air","RA Andreafsky - Est","Andreafsky","Andreafsky","Andreafsky East Fork","Only total count available"
"AndreafskyEastAerial",2001,1059,NA,NA,NA,TRUE,"TBI","Aerial",NA,NA,NA,4,"Yes","Lower","Tributary","Aerial","Andy E Air","RA Andreafsky - Est","Andreafsky","Andreafsky","Andreafsky East Fork","Only total count available"
"AndreafskyEastAerial",2002,1447,NA,NA,NA,TRUE,"TBI","Aerial",NA,NA,NA,4,"Yes","Lower","Tributary","Aerial","Andy E Air","RA Andreafsky - Est","Andreafsky","Andreafsky","Andreafsky East Fork","Only total count available"
"AndreafskyEastAerial",2003,1116,NA,NA,NA,FALSE,"???","Aerial",NA,NA,NA,4,"Yes","Lower","Tributary","Aerial","Andy E Air","RA Andreafsky - Est","Andreafsky","Andreafsky","Andreafsky East Fork","Only total count available"
"AndreafskyEastAerial",2004,2879,NA,NA,NA,TRUE,"TBI","Aerial",NA,NA,NA,4,"Yes","Lower","Tributary","Aerial","Andy E Air","RA Andreafsky - Est","Andreafsky","Andreafsky","Andreafsky East Fork","Only total count available"
"AndreafskyEastAerial",2005,1715,NA,NA,NA,TRUE,"TBI","Aerial",NA,NA,NA,4,"Yes","Lower","Tributary","Aerial","Andy E Air","RA Andreafsky - Est","Andreafsky","Andreafsky","Andreafsky East Fork","Only total count available"
"AndreafskyEastAerial",2006,591,NA,NA,NA,FALSE,"Incomplete","Aerial",NA,NA,NA,4,"Yes","Lower","Tributary","Aerial","Andy E Air","RA Andreafsky - Est","Andreafsky","Andreafsky","Andreafsky East Fork","Only total count available"
"AndreafskyEastAerial",2007,1758,NA,NA,NA,TRUE,"TBI","Aerial",NA,NA,NA,4,"Yes","Lower","Tributary","Aerial","Andy E Air","RA Andreafsky - Est","Andreafsky","Andreafsky","Andreafsky East Fork","Only total count available"
"AndreafskyEastAerial",2008,278,NA,NA,NA,FALSE,"Poor","Aerial",NA,NA,NA,4,"Yes","Lower","Tributary","Aerial","Andy E Air","RA Andreafsky - Est","Andreafsky","Andreafsky","Andreafsky East Fork","Only total count available"
"AndreafskyEastAerial",2009,84,NA,NA,NA,FALSE,"Poor","Aerial",NA,NA,NA,4,"Yes","Lower","Tributary","Aerial","Andy E Air","RA Andreafsky - Est","Andreafsky","Andreafsky","Andreafsky East Fork","Only total count available"
"AndreafskyEastAerial",2010,537,NA,NA,NA,FALSE,"Poor","Aerial",NA,NA,NA,4,"Yes","Lower","Tributary","Aerial","Andy E Air","RA Andreafsky - Est","Andreafsky","Andreafsky","Andreafsky East Fork","Only total count available"
"AndreafskyEastAerial",2011,620,NA,NA,NA,TRUE,"TBI","Aerial",NA,NA,NA,4,"Yes","Lower","Tributary","Aerial","Andy E Air","RA Andreafsky - Est","Andreafsky","Andreafsky","Andreafsky East Fork","Only total count available"
"AndreafskyEastAerial",2013,1441,NA,NA,NA,TRUE,"TBI","Aerial",NA,NA,NA,4,"Yes","Lower","Tributary","Aerial","Andy E Air","RA Andreafsky - Est","Andreafsky","Andreafsky","Andreafsky East Fork","Only total count available"
"AndreafskyEastAerial",2015,2167,NA,NA,NA,FALSE,"Poor","Aerial",NA,NA,NA,4,"Yes","Lower","Tributary","Aerial","Andy E Air","RA Andreafsky - Est","Andreafsky","Andreafsky","Andreafsky East Fork","Only total count available"
"AndreafskyEastAerial",2018,746,NA,NA,NA,TRUE,"TBI","Aerial",NA,NA,NA,4,"Yes","Lower","Tributary","Aerial","Andy E Air","RA Andreafsky - Est","Andreafsky","Andreafsky","Andreafsky East Fork","Only total count available"
"AndreafskyEastAerial",2019,1547,NA,NA,NA,TRUE,"TBI","Aerial",NA,NA,NA,4,"Yes","Lower","Tributary","Aerial","Andy E Air","RA Andreafsky - Est","Andreafsky","Andreafsky","Andreafsky East Fork","Only total count available"
"AndreafskyWestAerial",1962,762,NA,NA,NA,FALSE,"Poor","Aerial",NA,NA,NA,5,"Yes","Lower","Tributary","Aerial","Andy W Air","RA Andreafsky - Ouest","Andreafsky","Andreafsky","Andreafsky West Fork","Using standard count (years with only total count are NA)"
"AndreafskyWestAerial",1964,705,NA,NA,NA,TRUE,"TBI","Aerial",NA,NA,NA,5,"Yes","Lower","Tributary","Aerial","Andy W Air","RA Andreafsky - Ouest","Andreafsky","Andreafsky","Andreafsky West Fork","Using standard count (years with only total count are NA)"
"AndreafskyWestAerial",1965,344,NA,NA,NA,FALSE,"Poor","Aerial",NA,NA,NA,5,"Yes","Lower","Tributary","Aerial","Andy W Air","RA Andreafsky - Ouest","Andreafsky","Andreafsky","Andreafsky West Fork","Using standard count (years with only total count are NA)"
"AndreafskyWestAerial",1966,303,NA,NA,NA,TRUE,"TBI","Aerial",NA,NA,NA,5,"Yes","Lower","Tributary","Aerial","Andy W Air","RA Andreafsky - Ouest","Andreafsky","Andreafsky","Andreafsky West Fork","Using standard count (years with only total count are NA)"
"AndreafskyWestAerial",1967,276,NA,NA,NA,FALSE,"Poor","Aerial",NA,NA,NA,5,"Yes","Lower","Tributary","Aerial","Andy W Air","RA Andreafsky - Ouest","Andreafsky","Andreafsky","Andreafsky West Fork","Using standard count (years with only total count are NA)"
"AndreafskyWestAerial",1968,383,NA,NA,NA,TRUE,"TBI","Aerial",NA,NA,NA,5,"Yes","Lower","Tributary","Aerial","Andy W Air","RA Andreafsky - Ouest","Andreafsky","Andreafsky","Andreafsky West Fork","Using standard count (years with only total count are NA)"
"AndreafskyWestAerial",1969,231,NA,NA,NA,TRUE,"TBI","Aerial",NA,NA,NA,5,"Yes","Lower","Tributary","Aerial","Andy W Air","RA Andreafsky - Ouest","Andreafsky","Andreafsky","Andreafsky West Fork","Using standard count (years with only total count are NA)"
"AndreafskyWestAerial",1970,574,NA,NA,NA,FALSE,"Poor","Aerial",NA,NA,NA,5,"Yes","Lower","Tributary","Aerial","Andy W Air","RA Andreafsky - Ouest","Andreafsky","Andreafsky","Andreafsky West Fork","Using standard count (years with only total count are NA)"
"AndreafskyWestAerial",1971,1682,NA,NA,NA,TRUE,"TBI","Aerial",NA,NA,NA,5,"Yes","Lower","Tributary","Aerial","Andy W Air","RA Andreafsky - Ouest","Andreafsky","Andreafsky","Andreafsky West Fork","Using standard count (years with only total count are NA)"
"AndreafskyWestAerial",1972,582,NA,NA,NA,FALSE,"Poor","Aerial",NA,NA,NA,5,"Yes","Lower","Tributary","Aerial","Andy W Air","RA Andreafsky - Ouest","Andreafsky","Andreafsky","Andreafsky West Fork","Using standard count (years with only total count are NA)"
"AndreafskyWestAerial",1973,788,NA,NA,NA,TRUE,"TBI","Aerial",NA,NA,NA,5,"Yes","Lower","Tributary","Aerial","Andy W Air","RA Andreafsky - Ouest","Andreafsky","Andreafsky","Andreafsky West Fork","Using standard count (years with only total count are NA)"
"AndreafskyWestAerial",1974,285,NA,NA,NA,FALSE,"Undefined","Aerial",NA,NA,NA,5,"Yes","Lower","Tributary","Aerial","Andy W Air","RA Andreafsky - Ouest","Andreafsky","Andreafsky","Andreafsky West Fork","Using standard count (years with only total count are NA)"
"AndreafskyWestAerial",1975,120,NA,NA,NA,TRUE,"TBI","Aerial",NA,NA,NA,5,"Yes","Lower","Tributary","Aerial","Andy W Air","RA Andreafsky - Ouest","Andreafsky","Andreafsky","Andreafsky West Fork","Using standard count (years with only total count are NA)"
"AndreafskyWestAerial",1976,643,NA,NA,NA,TRUE,"TBI","Aerial",NA,NA,NA,5,"Yes","Lower","Tributary","Aerial","Andy W Air","RA Andreafsky - Ouest","Andreafsky","Andreafsky","Andreafsky West Fork","Using standard count (years with only total count are NA)"
"AndreafskyWestAerial",1977,1499,NA,NA,NA,TRUE,"TBI","Aerial",NA,NA,NA,5,"Yes","Lower","Tributary","Aerial","Andy W Air","RA Andreafsky - Ouest","Andreafsky","Andreafsky","Andreafsky West Fork","Using standard count (years with only total count are NA)"
"AndreafskyWestAerial",1978,1062,NA,NA,NA,TRUE,"TBI","Aerial",NA,NA,NA,5,"Yes","Lower","Tributary","Aerial","Andy W Air","RA Andreafsky - Ouest","Andreafsky","Andreafsky","Andreafsky West Fork","Using standard count (years with only total count are NA)"
"AndreafskyWestAerial",1979,1134,NA,NA,NA,TRUE,"TBI","Aerial",NA,NA,NA,5,"Yes","Lower","Tributary","Aerial","Andy W Air","RA Andreafsky - Ouest","Andreafsky","Andreafsky","Andreafsky West Fork","Using standard count (years with only total count are NA)"
"AndreafskyWestAerial",1980,1500,NA,NA,NA,TRUE,"TBI","Aerial",NA,NA,NA,5,"Yes","Lower","Tributary","Aerial","Andy W Air","RA Andreafsky - Ouest","Andreafsky","Andreafsky","Andreafsky West Fork","Using standard count (years with only total count are NA)"
"AndreafskyWestAerial",1981,231,NA,NA,NA,FALSE,"Poor","Aerial",NA,NA,NA,5,"Yes","Lower","Tributary","Aerial","Andy W Air","RA Andreafsky - Ouest","Andreafsky","Andreafsky","Andreafsky West Fork","Using standard count (years with only total count are NA)"
"AndreafskyWestAerial",1982,851,NA,NA,NA,TRUE,"TBI","Aerial",NA,NA,NA,5,"Yes","Lower","Tributary","Aerial","Andy W Air","RA Andreafsky - Ouest","Andreafsky","Andreafsky","Andreafsky West Fork","Using standard count (years with only total count are NA)"
"AndreafskyWestAerial",1984,1993,NA,NA,NA,TRUE,"TBI","Aerial",NA,NA,NA,5,"Yes","Lower","Tributary","Aerial","Andy W Air","RA Andreafsky - Ouest","Andreafsky","Andreafsky","Andreafsky West Fork","Using standard count (years with only total count are NA)"
"AndreafskyWestAerial",1985,2248,NA,NA,NA,TRUE,"TBI","Aerial",NA,NA,NA,5,"Yes","Lower","Tributary","Aerial","Andy W Air","RA Andreafsky - Ouest","Andreafsky","Andreafsky","Andreafsky West Fork","Using standard count (years with only total count are NA)"
"AndreafskyWestAerial",1986,3158,NA,NA,NA,TRUE,"TBI","Aerial",NA,NA,NA,5,"Yes","Lower","Tributary","Aerial","Andy W Air","RA Andreafsky - Ouest","Andreafsky","Andreafsky","Andreafsky West Fork","Using standard count (years with only total count are NA)"
"AndreafskyWestAerial",1987,3281,NA,NA,NA,TRUE,"TBI","Aerial",NA,NA,NA,5,"Yes","Lower","Tributary","Aerial","Andy W Air","RA Andreafsky - Ouest","Andreafsky","Andreafsky","Andreafsky West Fork","Using standard count (years with only total count are NA)"
"AndreafskyWestAerial",1988,1448,NA,NA,NA,FALSE,"Incomplete","Aerial",NA,NA,NA,5,"Yes","Lower","Tributary","Aerial","Andy W Air","RA Andreafsky - Ouest","Andreafsky","Andreafsky","Andreafsky West Fork","Using standard count (years with only total count are NA)"
"AndreafskyWestAerial",1989,1089,NA,NA,NA,TRUE,"TBI","Aerial",NA,NA,NA,5,"Yes","Lower","Tributary","Aerial","Andy W Air","RA Andreafsky - Ouest","Andreafsky","Andreafsky","Andreafsky West Fork","Using standard count (years with only total count are NA)"
"AndreafskyWestAerial",1990,1545,NA,NA,NA,TRUE,"TBI","Aerial",NA,NA,NA,5,"Yes","Lower","Tributary","Aerial","Andy W Air","RA Andreafsky - Ouest","Andreafsky","Andreafsky","Andreafsky West Fork","Using standard count (years with only total count are NA)"
"AndreafskyWestAerial",1991,2544,NA,NA,NA,TRUE,"TBI","Aerial",NA,NA,NA,5,"Yes","Lower","Tributary","Aerial","Andy W Air","RA Andreafsky - Ouest","Andreafsky","Andreafsky","Andreafsky West Fork","Using standard count (years with only total count are NA)"
"AndreafskyWestAerial",1992,2002,NA,NA,NA,FALSE,"Poor","Aerial",NA,NA,NA,5,"Yes","Lower","Tributary","Aerial","Andy W Air","RA Andreafsky - Ouest","Andreafsky","Andreafsky","Andreafsky West Fork","Using standard count (years with only total count are NA)"
"AndreafskyWestAerial",1993,2765,NA,NA,NA,TRUE,"TBI","Aerial",NA,NA,NA,5,"Yes","Lower","Tributary","Aerial","Andy W Air","RA Andreafsky - Ouest","Andreafsky","Andreafsky","Andreafsky West Fork","Using standard count (years with only total count are NA)"
"AndreafskyWestAerial",1994,213,NA,NA,NA,FALSE,"Incomplete","Aerial",NA,NA,NA,5,"Yes","Lower","Tributary","Aerial","Andy W Air","RA Andreafsky - Ouest","Andreafsky","Andreafsky","Andreafsky West Fork","Using standard count (years with only total count are NA)"
"AndreafskyWestAerial",1995,1108,NA,NA,NA,TRUE,"TBI","Aerial",NA,NA,NA,5,"Yes","Lower","Tributary","Aerial","Andy W Air","RA Andreafsky - Ouest","Andreafsky","Andreafsky","Andreafsky West Fork","Using standard count (years with only total count are NA)"
"AndreafskyWestAerial",1996,624,NA,NA,NA,TRUE,"TBI","Aerial",NA,NA,NA,5,"Yes","Lower","Tributary","Aerial","Andy W Air","RA Andreafsky - Ouest","Andreafsky","Andreafsky","Andreafsky West Fork","Using standard count (years with only total count are NA)"
"AndreafskyWestAerial",1997,1510,NA,NA,NA,TRUE,"TBI","Aerial",NA,NA,NA,5,"Yes","Lower","Tributary","Aerial","Andy W Air","RA Andreafsky - Ouest","Andreafsky","Andreafsky","Andreafsky West Fork","Using standard count (years with only total count are NA)"
"AndreafskyWestAerial",1998,1249,NA,NA,NA,FALSE,"Poor","Aerial",NA,NA,NA,5,"Yes","Lower","Tributary","Aerial","Andy W Air","RA Andreafsky - Ouest","Andreafsky","Andreafsky","Andreafsky West Fork","Using standard count (years with only total count are NA)"
"AndreafskyWestAerial",1999,870,NA,NA,NA,FALSE,"Incomplete","Aerial",NA,NA,NA,5,"Yes","Lower","Tributary","Aerial","Andy W Air","RA Andreafsky - Ouest","Andreafsky","Andreafsky","Andreafsky West Fork","Using standard count (years with only total count are NA)"
"AndreafskyWestAerial",2000,427,NA,NA,NA,TRUE,"TBI","Aerial",NA,NA,NA,5,"Yes","Lower","Tributary","Aerial","Andy W Air","RA Andreafsky - Ouest","Andreafsky","Andreafsky","Andreafsky West Fork","Using standard count (years with only total count are NA)"
"AndreafskyWestAerial",2001,565,NA,NA,NA,TRUE,"TBI","Aerial",NA,NA,NA,5,"Yes","Lower","Tributary","Aerial","Andy W Air","RA Andreafsky - Ouest","Andreafsky","Andreafsky","Andreafsky West Fork","Using standard count (years with only total count are NA)"
"AndreafskyWestAerial",2002,917,NA,NA,NA,TRUE,"TBI","Aerial",NA,NA,NA,5,"Yes","Lower","Tributary","Aerial","Andy W Air","RA Andreafsky - Ouest","Andreafsky","Andreafsky","Andreafsky West Fork","Using standard count (years with only total count are NA)"
"AndreafskyWestAerial",2003,1578,NA,NA,NA,TRUE,"TBI","Aerial",NA,NA,NA,5,"Yes","Lower","Tributary","Aerial","Andy W Air","RA Andreafsky - Ouest","Andreafsky","Andreafsky","Andreafsky West Fork","Using standard count (years with only total count are NA)"
"AndreafskyWestAerial",2004,1317,NA,NA,NA,TRUE,"TBI","Aerial",NA,NA,NA,5,"Yes","Lower","Tributary","Aerial","Andy W Air","RA Andreafsky - Ouest","Andreafsky","Andreafsky","Andreafsky West Fork","Using standard count (years with only total count are NA)"
"AndreafskyWestAerial",2005,1492,NA,NA,NA,TRUE,"TBI","Aerial",NA,NA,NA,5,"Yes","Lower","Tributary","Aerial","Andy W Air","RA Andreafsky - Ouest","Andreafsky","Andreafsky","Andreafsky West Fork","Using standard count (years with only total count are NA)"
"AndreafskyWestAerial",2006,824,NA,NA,NA,TRUE,"TBI","Aerial",NA,NA,NA,5,"Yes","Lower","Tributary","Aerial","Andy W Air","RA Andreafsky - Ouest","Andreafsky","Andreafsky","Andreafsky West Fork","Using standard count (years with only total count are NA)"
"AndreafskyWestAerial",2007,976,NA,NA,NA,FALSE,"Incomplete","Aerial",NA,NA,NA,5,"Yes","Lower","Tributary","Aerial","Andy W Air","RA Andreafsky - Ouest","Andreafsky","Andreafsky","Andreafsky West Fork","Using standard count (years with only total count are NA)"
"AndreafskyWestAerial",2008,262,NA,NA,NA,FALSE,"Poor","Aerial",NA,NA,NA,5,"Yes","Lower","Tributary","Aerial","Andy W Air","RA Andreafsky - Ouest","Andreafsky","Andreafsky","Andreafsky West Fork","Using standard count (years with only total count are NA)"
"AndreafskyWestAerial",2009,1678,NA,NA,NA,TRUE,"TBI","Aerial",NA,NA,NA,5,"Yes","Lower","Tributary","Aerial","Andy W Air","RA Andreafsky - Ouest","Andreafsky","Andreafsky","Andreafsky West Fork","Using standard count (years with only total count are NA)"
"AndreafskyWestAerial",2010,858,NA,NA,NA,TRUE,"TBI","Aerial",NA,NA,NA,5,"Yes","Lower","Tributary","Aerial","Andy W Air","RA Andreafsky - Ouest","Andreafsky","Andreafsky","Andreafsky West Fork","Using standard count (years with only total count are NA)"
"AndreafskyWestAerial",2011,1173,NA,NA,NA,TRUE,"TBI","Aerial",NA,NA,NA,5,"Yes","Lower","Tributary","Aerial","Andy W Air","RA Andreafsky - Ouest","Andreafsky","Andreafsky","Andreafsky West Fork","Using standard count (years with only total count are NA)"
"AndreafskyWestAerial",2012,227,NA,NA,NA,FALSE,"Poor","Aerial",NA,NA,NA,5,"Yes","Lower","Tributary","Aerial","Andy W Air","RA Andreafsky - Ouest","Andreafsky","Andreafsky","Andreafsky West Fork","Using standard count (years with only total count are NA)"
"AndreafskyWestAerial",2013,1090,NA,NA,NA,TRUE,"TBI","Aerial",NA,NA,NA,5,"Yes","Lower","Tributary","Aerial","Andy W Air","RA Andreafsky - Ouest","Andreafsky","Andreafsky","Andreafsky West Fork","Using standard count (years with only total count are NA)"
"AndreafskyWestAerial",2014,1695,NA,NA,NA,TRUE,"TBI","Aerial",NA,NA,NA,5,"Yes","Lower","Tributary","Aerial","Andy W Air","RA Andreafsky - Ouest","Andreafsky","Andreafsky","Andreafsky West Fork","Using standard count (years with only total count are NA)"
"AndreafskyWestAerial",2015,1356,NA,NA,NA,FALSE,"Poor","Aerial",NA,NA,NA,5,"Yes","Lower","Tributary","Aerial","Andy W Air","RA Andreafsky - Ouest","Andreafsky","Andreafsky","Andreafsky West Fork","Using standard count (years with only total count are NA)"
"AndreafskyWestAerial",2017,942,NA,NA,NA,TRUE,"TBI","Aerial",NA,NA,NA,5,"Yes","Lower","Tributary","Aerial","Andy W Air","RA Andreafsky - Ouest","Andreafsky","Andreafsky","Andreafsky West Fork","Using standard count (years with only total count are NA)"
"AndreafskyWestAerial",2018,455,NA,NA,NA,TRUE,"TBI","Aerial",NA,NA,NA,5,"Yes","Lower","Tributary","Aerial","Andy W Air","RA Andreafsky - Ouest","Andreafsky","Andreafsky","Andreafsky West Fork","Using standard count (years with only total count are NA)"
"AndreafskyWestAerial",2019,904,NA,NA,NA,TRUE,"TBI","Aerial",NA,NA,NA,5,"Yes","Lower","Tributary","Aerial","Andy W Air","RA Andreafsky - Ouest","Andreafsky","Andreafsky","Andreafsky West Fork","Using standard count (years with only total count are NA)"
"AnvikAerial",1961,1226,NA,NA,NA,FALSE,"???","Aerial",NA,NA,NA,6,"Yes","Lower","Tributary","Aerial","Anvik Air","RA Anvik","Anvik","Anvik","",""
"AnvikAerial",1965,650,NA,NA,NA,FALSE,"Poor","Aerial",NA,NA,NA,6,"Yes","Lower","Tributary","Aerial","Anvik Air","RA Anvik","Anvik","Anvik","",""
"AnvikAerial",1966,638,NA,NA,NA,FALSE,"???","Aerial",NA,NA,NA,6,"Yes","Lower","Tributary","Aerial","Anvik Air","RA Anvik","Anvik","Anvik","",""
"AnvikAerial",1967,336,NA,NA,NA,FALSE,"Poor","Aerial",NA,NA,NA,6,"Yes","Lower","Tributary","Aerial","Anvik Air","RA Anvik","Anvik","Anvik","",""
"AnvikAerial",1968,310,NA,NA,NA,FALSE,"Poor","Aerial",NA,NA,NA,6,"Yes","Lower","Tributary","Aerial","Anvik Air","RA Anvik","Anvik","Anvik","",""
"AnvikAerial",1969,296,NA,NA,NA,FALSE,"Poor","Aerial",NA,NA,NA,6,"Yes","Lower","Tributary","Aerial","Anvik Air","RA Anvik","Anvik","Anvik","",""
"AnvikAerial",1970,368,NA,NA,NA,FALSE,"???","Aerial",NA,NA,NA,6,"Yes","Lower","Tributary","Aerial","Anvik Air","RA Anvik","Anvik","Anvik","",""
"AnvikAerial",1972,418,NA,NA,NA,FALSE,"???","Aerial",NA,NA,NA,6,"Yes","Lower","Tributary","Aerial","Anvik Air","RA Anvik","Anvik","Anvik","",""
"AnvikAerial",1973,222,NA,NA,NA,FALSE,"Poor","Aerial",NA,NA,NA,6,"Yes","Lower","Tributary","Aerial","Anvik Air","RA Anvik","Anvik","Anvik","",""
"AnvikAerial",1975,232,NA,NA,NA,TRUE,"TBI","Aerial",NA,NA,NA,6,"Yes","Lower","Tributary","Aerial","Anvik Air","RA Anvik","Anvik","Anvik","",""
"AnvikAerial",1976,195,NA,NA,NA,FALSE,"???","Aerial",NA,NA,NA,6,"Yes","Lower","Tributary","Aerial","Anvik Air","RA Anvik","Anvik","Anvik","",""
"AnvikAerial",1977,79,NA,NA,NA,FALSE,"???","Aerial",NA,NA,NA,6,"Yes","Lower","Tributary","Aerial","Anvik Air","RA Anvik","Anvik","Anvik","",""
"AnvikAerial",1979,670,NA,NA,NA,FALSE,"???","Aerial",NA,NA,NA,6,"Yes","Lower","Tributary","Aerial","Anvik Air","RA Anvik","Anvik","Anvik","",""
"AnvikAerial",1980,1330,NA,NA,NA,TRUE,"TBI","Aerial",NA,NA,NA,6,"Yes","Lower","Tributary","Aerial","Anvik Air","RA Anvik","Anvik","Anvik","",""
"AnvikAerial",1981,807,NA,NA,NA,FALSE,"Poor","Aerial",NA,NA,NA,6,"Yes","Lower","Tributary","Aerial","Anvik Air","RA Anvik","Anvik","Anvik","",""
"AnvikAerial",1983,653,NA,NA,NA,FALSE,"Poor","Aerial",NA,NA,NA,6,"Yes","Lower","Tributary","Aerial","Anvik Air","RA Anvik","Anvik","Anvik","",""
"AnvikAerial",1984,641,NA,NA,NA,FALSE,"Poor","Aerial",NA,NA,NA,6,"Yes","Lower","Tributary","Aerial","Anvik Air","RA Anvik","Anvik","Anvik","",""
"AnvikAerial",1985,1097,NA,NA,NA,FALSE,"???","Aerial",NA,NA,NA,6,"Yes","Lower","Tributary","Aerial","Anvik Air","RA Anvik","Anvik","Anvik","",""
"AnvikAerial",1986,1118,NA,NA,NA,FALSE,"???","Aerial",NA,NA,NA,6,"Yes","Lower","Tributary","Aerial","Anvik Air","RA Anvik","Anvik","Anvik","",""
"AnvikAerial",1987,1169,NA,NA,NA,TRUE,"TBI","Aerial",NA,NA,NA,6,"Yes","Lower","Tributary","Aerial","Anvik Air","RA Anvik","Anvik","Anvik","",""
"AnvikAerial",1988,1805,NA,NA,NA,TRUE,"TBI","Aerial",NA,NA,NA,6,"Yes","Lower","Tributary","Aerial","Anvik Air","RA Anvik","Anvik","Anvik","",""
"AnvikAerial",1989,442,NA,NA,NA,FALSE,"Poor","Aerial",NA,NA,NA,6,"Yes","Lower","Tributary","Aerial","Anvik Air","RA Anvik","Anvik","Anvik","",""
"AnvikAerial",1990,2347,NA,NA,NA,TRUE,"TBI","Aerial",NA,NA,NA,6,"Yes","Lower","Tributary","Aerial","Anvik Air","RA Anvik","Anvik","Anvik","",""
"AnvikAerial",1991,875,NA,NA,NA,FALSE,"Poor","Aerial",NA,NA,NA,6,"Yes","Lower","Tributary","Aerial","Anvik Air","RA Anvik","Anvik","Anvik","",""
"AnvikAerial",1992,1536,NA,NA,NA,TRUE,"TBI","Aerial",NA,NA,NA,6,"Yes","Lower","Tributary","Aerial","Anvik Air","RA Anvik","Anvik","Anvik","",""
"AnvikAerial",1993,1720,NA,NA,NA,FALSE,"???","Aerial",NA,NA,NA,6,"Yes","Lower","Tributary","Aerial","Anvik Air","RA Anvik","Anvik","Anvik","",""
"AnvikAerial",1994,913,NA,NA,NA,FALSE,"Poor","Aerial",NA,NA,NA,6,"Yes","Lower","Tributary","Aerial","Anvik Air","RA Anvik","Anvik","Anvik","",""
"AnvikAerial",1995,1996,NA,NA,NA,TRUE,"TBI","Aerial",NA,NA,NA,6,"Yes","Lower","Tributary","Aerial","Anvik Air","RA Anvik","Anvik","Anvik","",""
"AnvikAerial",1996,839,NA,NA,NA,TRUE,"TBI","Aerial",NA,NA,NA,6,"Yes","Lower","Tributary","Aerial","Anvik Air","RA Anvik","Anvik","Anvik","",""
"AnvikAerial",1997,3979,NA,NA,NA,TRUE,"TBI","Aerial",NA,NA,NA,6,"Yes","Lower","Tributary","Aerial","Anvik Air","RA Anvik","Anvik","Anvik","",""
"AnvikAerial",1998,709,NA,NA,NA,FALSE,"Poor","Aerial",NA,NA,NA,6,"Yes","Lower","Tributary","Aerial","Anvik Air","RA Anvik","Anvik","Anvik","",""
"AnvikAerial",1999,950,NA,NA,NA,FALSE,"Poor","Aerial",NA,NA,NA,6,"Yes","Lower","Tributary","Aerial","Anvik Air","RA Anvik","Anvik","Anvik","",""
"AnvikAerial",2000,1394,NA,NA,NA,FALSE,"???","Aerial",NA,NA,NA,6,"Yes","Lower","Tributary","Aerial","Anvik Air","RA Anvik","Anvik","Anvik","",""
"AnvikAerial",2001,1420,NA,NA,NA,TRUE,"TBI","Aerial",NA,NA,NA,6,"Yes","Lower","Tributary","Aerial","Anvik Air","RA Anvik","Anvik","Anvik","",""
"AnvikAerial",2002,1713,NA,NA,NA,TRUE,"TBI","Aerial",NA,NA,NA,6,"Yes","Lower","Tributary","Aerial","Anvik Air","RA Anvik","Anvik","Anvik","",""
"AnvikAerial",2003,973,NA,NA,NA,FALSE,"Poor","Aerial",NA,NA,NA,6,"Yes","Lower","Tributary","Aerial","Anvik Air","RA Anvik","Anvik","Anvik","",""
"AnvikAerial",2004,3679,NA,NA,NA,TRUE,"TBI","Aerial",NA,NA,NA,6,"Yes","Lower","Tributary","Aerial","Anvik Air","RA Anvik","Anvik","Anvik","",""
"AnvikAerial",2005,2421,NA,NA,NA,TRUE,"TBI","Aerial",NA,NA,NA,6,"Yes","Lower","Tributary","Aerial","Anvik Air","RA Anvik","Anvik","Anvik","",""
"AnvikAerial",2006,1886,NA,NA,NA,FALSE,"Incomplete","Aerial",NA,NA,NA,6,"Yes","Lower","Tributary","Aerial","Anvik Air","RA Anvik","Anvik","Anvik","",""
"AnvikAerial",2007,1731,NA,NA,NA,FALSE,"???","Aerial",NA,NA,NA,6,"Yes","Lower","Tributary","Aerial","Anvik Air","RA Anvik","Anvik","Anvik","",""
"AnvikAerial",2008,992,NA,NA,NA,FALSE,"???","Aerial",NA,NA,NA,6,"Yes","Lower","Tributary","Aerial","Anvik Air","RA Anvik","Anvik","Anvik","",""
"AnvikAerial",2009,832,NA,NA,NA,TRUE,"TBI","Aerial",NA,NA,NA,6,"Yes","Lower","Tributary","Aerial","Anvik Air","RA Anvik","Anvik","Anvik","",""
"AnvikAerial",2010,974,NA,NA,NA,TRUE,"TBI","Aerial",NA,NA,NA,6,"Yes","Lower","Tributary","Aerial","Anvik Air","RA Anvik","Anvik","Anvik","",""
"AnvikAerial",2011,642,NA,NA,NA,TRUE,"TBI","Aerial",NA,NA,NA,6,"Yes","Lower","Tributary","Aerial","Anvik Air","RA Anvik","Anvik","Anvik","",""
"AnvikAerial",2012,722,NA,NA,NA,TRUE,"TBI","Aerial",NA,NA,NA,6,"Yes","Lower","Tributary","Aerial","Anvik Air","RA Anvik","Anvik","Anvik","",""
"AnvikAerial",2013,941,NA,NA,NA,TRUE,"TBI","Aerial",NA,NA,NA,6,"Yes","Lower","Tributary","Aerial","Anvik Air","RA Anvik","Anvik","Anvik","",""
"AnvikAerial",2014,1584,NA,NA,NA,TRUE,"TBI","Aerial",NA,NA,NA,6,"Yes","Lower","Tributary","Aerial","Anvik Air","RA Anvik","Anvik","Anvik","",""
"AnvikAerial",2015,2616,NA,NA,NA,TRUE,"TBI","Aerial",NA,NA,NA,6,"Yes","Lower","Tributary","Aerial","Anvik Air","RA Anvik","Anvik","Anvik","",""
"AnvikAerial",2017,1101,NA,NA,NA,TRUE,"TBI","Aerial",NA,NA,NA,6,"Yes","Lower","Tributary","Aerial","Anvik Air","RA Anvik","Anvik","Anvik","",""
"AnvikAerial",2018,1109,NA,NA,NA,TRUE,"TBI","Aerial",NA,NA,NA,6,"Yes","Lower","Tributary","Aerial","Anvik Air","RA Anvik","Anvik","Anvik","",""
"AnvikAerial",2019,1432,NA,NA,NA,TRUE,"TBI","Aerial",NA,NA,NA,6,"Yes","Lower","Tributary","Aerial","Anvik Air","RA Anvik","Anvik","Anvik","",""
"PilotStation",1986,169067,NA,NA,NA,TRUE,"TBI","Sonar",NA,NA,NA,1,"Yes","All","Mainstem","Sonar","Pilot Sonar","Station Pilot","Mainstem","Mainstem","Lower River","TBI"
"PilotStation",1987,116126,NA,NA,NA,TRUE,"TBI","Sonar",NA,NA,NA,1,"Yes","All","Mainstem","Sonar","Pilot Sonar","Station Pilot","Mainstem","Mainstem","Lower River","TBI"
"PilotStation",1988,120656,NA,NA,NA,TRUE,"TBI","Sonar",NA,NA,NA,1,"Yes","All","Mainstem","Sonar","Pilot Sonar","Station Pilot","Mainstem","Mainstem","Lower River","TBI"
"PilotStation",1989,91545,NA,NA,NA,TRUE,"TBI","Sonar",NA,NA,NA,1,"Yes","All","Mainstem","Sonar","Pilot Sonar","Station Pilot","Mainstem","Mainstem","Lower River","TBI"
"PilotStation",1990,156097,NA,NA,NA,TRUE,"TBI","Sonar",NA,NA,NA,1,"Yes","All","Mainstem","Sonar","Pilot Sonar","Station Pilot","Mainstem","Mainstem","Lower River","TBI"
"PilotStation",1991,75676,NA,NA,NA,TRUE,"TBI","Sonar",NA,NA,NA,1,"Yes","All","Mainstem","Sonar","Pilot Sonar","Station Pilot","Mainstem","Mainstem","Lower River","TBI"
"PilotStation",1993,134854,NA,NA,NA,TRUE,"TBI","Sonar",NA,NA,NA,1,"Yes","All","Mainstem","Sonar","Pilot Sonar","Station Pilot","Mainstem","Mainstem","Lower River","TBI"
"PilotStation",1994,141795,NA,NA,NA,TRUE,"TBI","Sonar",NA,NA,NA,1,"Yes","All","Mainstem","Sonar","Pilot Sonar","Station Pilot","Mainstem","Mainstem","Lower River","TBI"
"PilotStation",1995,221357,18313,NA,NA,TRUE,"TBI","Sonar",0.0827306116364064,184731,257983,1,"Yes","All","Mainstem","Sonar","Pilot Sonar","Station Pilot","Mainstem","Mainstem","Lower River","TBI"
"PilotStation",1997,199763,20535,NA,NA,TRUE,"TBI","Sonar",0.102796814224856,158693,240833,1,"Yes","All","Mainstem","Sonar","Pilot Sonar","Station Pilot","Mainstem","Mainstem","Lower River","TBI"
"PilotStation",1998,108038,51703,NA,NA,TRUE,"TBI","Sonar",0.478563098169163,4632,211444,1,"Yes","All","Mainstem","Sonar","Pilot Sonar","Station Pilot","Mainstem","Mainstem","Lower River","TBI"
"PilotStation",1999,184218,57953,NA,NA,TRUE,"TBI","Sonar",0.314589236665255,68312,300124,1,"Yes","All","Mainstem","Sonar","Pilot Sonar","Station Pilot","Mainstem","Mainstem","Lower River","TBI"
"PilotStation",2000,54560,6601,NA,NA,TRUE,"TBI","Sonar",0.120986070381232,41358,67762,1,"Yes","All","Mainstem","Sonar","Pilot Sonar","Station Pilot","Mainstem","Mainstem","Lower River","TBI"
"PilotStation",2001,121089,9106,NA,NA,TRUE,"TBI","Sonar",0.0752008852992427,102877,139301,1,"Yes","All","Mainstem","Sonar","Pilot Sonar","Station Pilot","Mainstem","Mainstem","Lower River","TBI"
"PilotStation",2002,151713,24298,NA,NA,TRUE,"TBI","Sonar",0.160157666119581,103117,200309,1,"Yes","All","Mainstem","Sonar","Pilot Sonar","Station Pilot","Mainstem","Mainstem","Lower River","TBI"
"PilotStation",2003,318088,17359,NA,NA,TRUE,"TBI","Sonar",0.0545729483664898,283370,352806,1,"Yes","All","Mainstem","Sonar","Pilot Sonar","Station Pilot","Mainstem","Mainstem","Lower River","TBI"
"PilotStation",2004,200761,12145,NA,NA,TRUE,"TBI","Sonar",0.0604948172204761,176471,225051,1,"Yes","All","Mainstem","Sonar","Pilot Sonar","Station Pilot","Mainstem","Mainstem","Lower River","TBI"
"PilotStation",2005,259014,25807,NA,NA,TRUE,"TBI","Sonar",0.0996355409360112,207400,310628,1,"Yes","All","Mainstem","Sonar","Pilot Sonar","Station Pilot","Mainstem","Mainstem","Lower River","TBI"
"PilotStation",2006,228763,16836,NA,NA,TRUE,"TBI","Sonar",0.0735958175054532,195091,262435,1,"Yes","All","Mainstem","Sonar","Pilot Sonar","Station Pilot","Mainstem","Mainstem","Lower River","TBI"
"PilotStation",2007,170246,15523,NA,NA,TRUE,"TBI","Sonar",0.0911798221397272,139200,201292,1,"Yes","All","Mainstem","Sonar","Pilot Sonar","Station Pilot","Mainstem","Mainstem","Lower River","TBI"
"PilotStation",2008,175046,12989,NA,NA,TRUE,"TBI","Sonar",0.0742033522616912,149068,201024,1,"Yes","All","Mainstem","Sonar","Pilot Sonar","Station Pilot","Mainstem","Mainstem","Lower River","TBI"
"PilotStation",2009,177796,15885,NA,NA,TRUE,"TBI","Sonar",0.0893439672433576,146026,209566,1,"Yes","All","Mainstem","Sonar","Pilot Sonar","Station Pilot","Mainstem","Mainstem","Lower River","TBI"
"PilotStation",2010,137899,37156,NA,NA,TRUE,"TBI","Sonar",0.269443578271053,63587,212211,1,"Yes","All","Mainstem","Sonar","Pilot Sonar","Station Pilot","Mainstem","Mainstem","Lower River","TBI"
"PilotStation",2011,148797,12264,NA,NA,TRUE,"TBI","Sonar",0.0824210165527531,124269,173325,1,"Yes","All","Mainstem","Sonar","Pilot Sonar","Station Pilot","Mainstem","Mainstem","Lower River","TBI"
"PilotStation",2012,127555,11339,NA,NA,TRUE,"TBI","Sonar",0.0888949864764219,104877,150233,1,"Yes","All","Mainstem","Sonar","Pilot Sonar","Station Pilot","Mainstem","Mainstem","Lower River","TBI"
"PilotStation",2013,136805,20001,NA,NA,TRUE,"TBI","Sonar",0.146200796754505,96803,176807,1,"Yes","All","Mainstem","Sonar","Pilot Sonar","Station Pilot","Mainstem","Mainstem","Lower River","TBI"
"PilotStation",2014,163895,11389,NA,NA,TRUE,"TBI","Sonar",0.0694896122517465,141117,186673,1,"Yes","All","Mainstem","Sonar","Pilot Sonar","Station Pilot","Mainstem","Mainstem","Lower River","TBI"
"PilotStation",2015,146859,18820,NA,NA,TRUE,"TBI","Sonar",0.128150130397184,109219,184499,1,"Yes","All","Mainstem","Sonar","Pilot Sonar","Station Pilot","Mainstem","Mainstem","Lower River","TBI"
"PilotStation",2016,176898,11226,NA,NA,TRUE,"TBI","Sonar",0.0634602991554455,154446,199350,1,"Yes","All","Mainstem","Sonar","Pilot Sonar","Station Pilot","Mainstem","Mainstem","Lower River","TBI"
"PilotStation",2017,263014,17696,NA,NA,TRUE,"TBI","Sonar",0.0672815895731786,227622,298406,1,"Yes","All","Mainstem","Sonar","Pilot Sonar","Station Pilot","Mainstem","Mainstem","Lower River","TBI"
"PilotStation",2018,161831,14917,NA,NA,TRUE,"TBI","Sonar",0.0921764062509655,131997,191665,1,"Yes","All","Mainstem","Sonar","Pilot Sonar","Station Pilot","Mainstem","Mainstem","Lower River","TBI"
"PilotStation",2019,219624,12448,NA,NA,TRUE,"TBI","Sonar",0.0566786872108695,194728,244520,1,"Yes","All","Mainstem","Sonar","Pilot Sonar","Station Pilot","Mainstem","Mainstem","Lower River","TBI"
"PorcupineSonar",2014,3066,NA,NA,NA,TRUE,"TBI","Sonar",NA,NA,NA,41,"Yes","Canada","Porcupine","Sonar","Porcup Sonar","Sonar Porcupine","Porcupine","Porcupine","Above Border",""
"PorcupineSonar",2015,4851,NA,NA,NA,TRUE,"TBI","Sonar",NA,NA,NA,41,"Yes","Canada","Porcupine","Sonar","Porcup Sonar","Sonar Porcupine","Porcupine","Porcupine","Above Border",""
"PorcupineSonar",2016,6665,NA,NA,NA,TRUE,"TBI","Sonar",NA,NA,NA,41,"Yes","Canada","Porcupine","Sonar","Porcup Sonar","Sonar Porcupine","Porcupine","Porcupine","Above Border",""
"PorcupineSonar",2017,1191,NA,NA,NA,TRUE,"TBI","Sonar",NA,NA,NA,41,"Yes","Canada","Porcupine","Sonar","Porcup Sonar","Sonar Porcupine","Porcupine","Porcupine","Above Border",""
"PorcupineSonar",2018,3414,NA,NA,NA,TRUE,"TBI","Sonar",NA,NA,NA,41,"Yes","Canada","Porcupine","Sonar","Porcup Sonar","Sonar Porcupine","Porcupine","Porcupine","Above Border",""
"PorcupineSonar",2019,4740,NA,NA,NA,TRUE,"TBI","Sonar",NA,NA,NA,41,"Yes","Canada","Porcupine","Sonar","Porcup Sonar","Sonar Porcupine","Porcupine","Porcupine","Above Border",""
"RadioMRTanana",2002,33167,2264.742811,NA,NA,TRUE,"Sum of large (>650) and small estimates","MR",0.0682830165827479,28638,37696,15,"Yes","Middle","Tributary","MR","Tanana Radio","Radio Tanana","Tanana","Tanana","",""
"RadioMRTanana",2003,93629,4477.671828,NA,NA,TRUE,"Sum of large (>650) and small estimates","MR",0.0478235571030343,84674,102584,15,"Yes","Middle","Tributary","MR","Tanana Radio","Radio Tanana","Tanana","Tanana","",""
"RadioMRTanana",2004,97615,4854.165222,NA,NA,TRUE,"Sum of large (>520) and small estimates","MR",0.0497276568355273,87907,107323,15,"Yes","Middle","Tributary","MR","Tanana Radio","Radio Tanana","Tanana","Tanana","",""
