# Aerial survey indices for selected spawning areas in the U.S. (alaska) portion of the Yukon River Drainage,,,,,,,,,,,,,,,,,,
# Overview of site and methods at XYZ,,,,,,,,,,,,,,,,,,
# Year = Run year,,,,,,,,,,,,,,,,,,
# Estimate = run size,,,,,,,,,,,,,,,,,,
# SE = Standard Error calculated based on INSERT,,,,,,,,,,,,,,,,,,
# p10 and p90 = 10th abd 90th percentiles of the ?posterior distribution?,,,,,,,,,,,,,,,,,,
Project,Type,Year,Estimate,SE,p10,p90,Use,UseNotes,SurveyRatingTotalCount,TotalCount,SurveyRatingStandardCount,StandardCount,MainstemIndex,Multiple,Notes,Stage,Method,Agency
AndreafskyEastAerial,Aerial,1961,1003,NA,NA,NA,TRUE,TBI,Fair/Good,1003,,NA,NA,FALSE,,NA,NA,NA
AndreafskyEastAerial,Aerial,1962,675,NA,NA,NA,FALSE,???,Fair/Good,675,,NA,NA,FALSE,,NA,NA,NA
AndreafskyEastAerial,Aerial,1963,NA,NA,NA,NA,NA,TBI,NA,NA,,NA,NA,FALSE,,NA,NA,NA
AndreafskyEastAerial,Aerial,1964,867,NA,NA,NA,TRUE,TBI,Fair/Good,867,,NA,NA,FALSE,,NA,NA,NA
AndreafskyEastAerial,Aerial,1965,NA,NA,NA,NA,NA,TBI,NA,NA,,NA,NA,FALSE,,NA,NA,NA
AndreafskyEastAerial,Aerial,1966,361,NA,NA,NA,TRUE,TBI,Fair/Good,361,,NA,NA,FALSE,,NA,NA,NA
AndreafskyEastAerial,Aerial,1967,NA,NA,NA,NA,NA,TBI,NA,NA,,NA,NA,FALSE,,NA,NA,NA
AndreafskyEastAerial,Aerial,1968,383,NA,NA,NA,TRUE,TBI,Fair/Good,383,,NA,NA,FALSE,,NA,NA,NA
AndreafskyEastAerial,Aerial,1969,274,NA,NA,NA,TRUE,TBI,Fair/Good,274,,NA,NA,FALSE,,NA,NA,NA
AndreafskyEastAerial,Aerial,1970,665,NA,NA,NA,FALSE,???,Fair/Good,665,,NA,NA,FALSE,,NA,NA,NA
AndreafskyEastAerial,Aerial,1971,1904,NA,NA,NA,TRUE,TBI,Fair/Good,1904,,NA,NA,FALSE,,NA,NA,NA
AndreafskyEastAerial,Aerial,1972,798,NA,NA,NA,TRUE,TBI,Fair/Good,798,,NA,NA,FALSE,,NA,NA,NA
AndreafskyEastAerial,Aerial,1973,825,NA,NA,NA,TRUE,TBI,Fair/Good,825,,NA,NA,TRUE,,NA,NA,NA
AndreafskyEastAerial,Aerial,1974,NA,NA,NA,NA,NA,TBI,NA,NA,,NA,NA,FALSE,,NA,NA,NA
AndreafskyEastAerial,Aerial,1975,993,NA,NA,NA,TRUE,TBI,Fair/Good,993,,NA,NA,TRUE,,NA,NA,NA
AndreafskyEastAerial,Aerial,1976,818,NA,NA,NA,TRUE,TBI,Fair/Good,818,,NA,NA,TRUE,,NA,NA,NA
AndreafskyEastAerial,Aerial,1977,2008,NA,NA,NA,TRUE,TBI,Fair/Good,2008,,NA,NA,FALSE,,NA,NA,NA
AndreafskyEastAerial,Aerial,1978,2487,NA,NA,NA,TRUE,TBI,Fair/Good,2487,,NA,NA,TRUE,,NA,NA,NA
AndreafskyEastAerial,Aerial,1979,1180,NA,NA,NA,TRUE,TBI,Fair/Good,1180,,NA,NA,FALSE,,NA,NA,NA
AndreafskyEastAerial,Aerial,1980,958,NA,NA,NA,FALSE,Poor,Poor,958,,NA,NA,TRUE,,NA,NA,NA
AndreafskyEastAerial,Aerial,1981,2146,NA,NA,NA,FALSE,???,Fair/Good,2146,,NA,NA,FALSE,,NA,NA,NA
AndreafskyEastAerial,Aerial,1982,1274,NA,NA,NA,TRUE,TBI,Fair/Good,1274,,NA,NA,FALSE,,NA,NA,NA
AndreafskyEastAerial,Aerial,1983,NA,NA,NA,NA,NA,TBI,NA,NA,,NA,NA,FALSE,,NA,NA,NA
AndreafskyEastAerial,Aerial,1984,1573,NA,NA,NA,FALSE,???,Fair/Good,1573,,NA,NA,FALSE,,NA,NA,NA
AndreafskyEastAerial,Aerial,1985,1617,NA,NA,NA,TRUE,TBI,Fair/Good,1617,,NA,NA,TRUE,,NA,NA,NA
AndreafskyEastAerial,Aerial,1986,1954,NA,NA,NA,TRUE,TBI,Fair/Good,1954,,NA,NA,FALSE,,NA,NA,NA
AndreafskyEastAerial,Aerial,1987,1608,NA,NA,NA,TRUE,TBI,Fair/Good,1608,,NA,NA,TRUE,,NA,NA,NA
AndreafskyEastAerial,Aerial,1988,1020,NA,NA,NA,TRUE,TBI,Fair/Good,1020,,NA,NA,FALSE,,NA,NA,NA
AndreafskyEastAerial,Aerial,1989,1399,NA,NA,NA,TRUE,TBI,Fair/Good,1399,,NA,NA,TRUE,,NA,NA,NA
AndreafskyEastAerial,Aerial,1990,2503,NA,NA,NA,TRUE,TBI,Fair/Good,2503,,NA,NA,TRUE,,NA,NA,NA
AndreafskyEastAerial,Aerial,1991,1938,NA,NA,NA,TRUE,TBI,Fair/Good,1938,,NA,NA,TRUE,,NA,NA,NA
AndreafskyEastAerial,Aerial,1992,1030,NA,NA,NA,FALSE,Poor,Poor,1030,,NA,NA,TRUE,,NA,NA,NA
AndreafskyEastAerial,Aerial,1993,5855,NA,NA,NA,TRUE,TBI,Fair/Good,5855,,NA,NA,FALSE,,NA,NA,NA
AndreafskyEastAerial,Aerial,1994,300,NA,NA,NA,FALSE,Incomplete,Incomplete,300,,NA,NA,FALSE,,NA,NA,NA
AndreafskyEastAerial,Aerial,1995,1635,NA,NA,NA,TRUE,TBI,Fair/Good,1635,,NA,NA,FALSE,,NA,NA,NA
AndreafskyEastAerial,Aerial,1996,NA,NA,NA,NA,NA,TBI,NA,NA,,NA,NA,FALSE,,NA,NA,NA
AndreafskyEastAerial,Aerial,1997,1140,NA,NA,NA,TRUE,TBI,Fair/Good,1140,,NA,NA,FALSE,,NA,NA,NA
AndreafskyEastAerial,Aerial,1998,1027,NA,NA,NA,TRUE,TBI,Fair/Good,1027,,NA,NA,TRUE,,NA,NA,NA
AndreafskyEastAerial,Aerial,1999,NA,NA,NA,NA,NA,TBI,NA,NA,,NA,NA,FALSE,,NA,NA,NA
AndreafskyEastAerial,Aerial,2000,1018,NA,NA,NA,TRUE,TBI,Undefined,1018,,NA,NA,FALSE,,NA,NA,NA
AndreafskyEastAerial,Aerial,2001,1059,NA,NA,NA,TRUE,TBI,Fair/Good,1059,,NA,NA,FALSE,,NA,NA,NA
AndreafskyEastAerial,Aerial,2002,1447,NA,NA,NA,TRUE,TBI,Fair/Good,1447,,NA,NA,FALSE,,NA,NA,NA
AndreafskyEastAerial,Aerial,2003,1116,NA,NA,NA,FALSE,???,Fair/Good,1116,,NA,NA,FALSE,,NA,NA,NA
AndreafskyEastAerial,Aerial,2004,2879,NA,NA,NA,TRUE,TBI,Fair/Good,2879,,NA,NA,FALSE,,NA,NA,NA
AndreafskyEastAerial,Aerial,2005,1715,NA,NA,NA,TRUE,TBI,Fair/Good,1715,,NA,NA,FALSE,,NA,NA,NA
AndreafskyEastAerial,Aerial,2006,591,NA,NA,NA,FALSE,Incomplete,Incomplete,591,,NA,NA,FALSE,,NA,NA,NA
AndreafskyEastAerial,Aerial,2007,1758,NA,NA,NA,TRUE,TBI,Fair/Good,1758,,NA,NA,FALSE,,NA,NA,NA
AndreafskyEastAerial,Aerial,2008,278,NA,NA,NA,FALSE,Poor,Poor,278,,NA,NA,FALSE,,NA,NA,NA
AndreafskyEastAerial,Aerial,2009,84,NA,NA,NA,FALSE,Poor,Poor,84,,NA,NA,FALSE,,NA,NA,NA
AndreafskyEastAerial,Aerial,2010,537,NA,NA,NA,FALSE,Poor,Poor,537,,NA,NA,FALSE,,NA,NA,NA
AndreafskyEastAerial,Aerial,2011,620,NA,NA,NA,TRUE,TBI,Fair/Good,620,,NA,NA,FALSE,,NA,NA,NA
AndreafskyEastAerial,Aerial,2012,NA,NA,NA,NA,NA,TBI,NA,NA,,NA,NA,FALSE,,NA,NA,NA
AndreafskyEastAerial,Aerial,2013,1441,NA,NA,NA,TRUE,TBI,Fair/Good,1441,,NA,NA,FALSE,,NA,NA,NA
AndreafskyEastAerial,Aerial,2014,NA,NA,NA,NA,NA,TBI,NA,NA,,NA,NA,FALSE,,NA,NA,NA
AndreafskyEastAerial,Aerial,2015,2167,NA,NA,NA,FALSE,Poor,Poor,2167,,NA,NA,FALSE,,NA,NA,NA
AndreafskyEastAerial,Aerial,2016,NA,NA,NA,NA,NA,TBI,NA,NA,,NA,NA,FALSE,,NA,NA,NA
AndreafskyEastAerial,Aerial,2017,NA,NA,NA,NA,NA,TBI,NA,NA,,NA,NA,FALSE,,NA,NA,NA
AndreafskyEastAerial,Aerial,2018,746,NA,NA,NA,TRUE,TBI,Fair/Good,746,,NA,NA,FALSE,,NA,NA,NA
AndreafskyEastAerial,Aerial,2019,1547,NA,NA,NA,TRUE,TBI,Fair/Good,1547,,NA,NA,FALSE,,NA,NA,NA
AndreafskyWestAerial,Aerial,1961,NA,NA,NA,NA,FALSE,???,NA,NA,,NA,NA,FALSE,,NA,NA,NA
AndreafskyWestAerial,Aerial,1962,762,NA,NA,NA,FALSE,Poor,Poor,762,,NA,NA,FALSE,,NA,NA,NA
AndreafskyWestAerial,Aerial,1963,NA,NA,NA,NA,FALSE,???,NA,NA,,NA,NA,FALSE,,NA,NA,NA
AndreafskyWestAerial,Aerial,1964,705,NA,NA,NA,TRUE,TBI,Fair/Good,705,,705,NA,FALSE,,NA,NA,NA
AndreafskyWestAerial,Aerial,1965,344,NA,NA,NA,FALSE,Poor,Poor,344,,NA,NA,FALSE,,NA,NA,NA
AndreafskyWestAerial,Aerial,1966,303,NA,NA,NA,TRUE,TBI,Fair/Good,303,,303,NA,FALSE,,NA,NA,NA
AndreafskyWestAerial,Aerial,1967,276,NA,NA,NA,FALSE,Poor,Poor,276,,NA,NA,TRUE,,NA,NA,NA
AndreafskyWestAerial,Aerial,1968,383,NA,NA,NA,TRUE,TBI,Fair/Good,383,,383,NA,FALSE,,NA,NA,NA
AndreafskyWestAerial,Aerial,1969,231,NA,NA,NA,TRUE,TBI,Fair/Good,231,,231,NA,FALSE,,NA,NA,NA
AndreafskyWestAerial,Aerial,1970,574,NA,NA,NA,FALSE,Poor,Poor,574,,NA,NA,FALSE,,NA,NA,NA
AndreafskyWestAerial,Aerial,1971,1682,NA,NA,NA,TRUE,TBI,Fair/Good,1682,,1682,NA,FALSE,,NA,NA,NA
AndreafskyWestAerial,Aerial,1972,582,NA,NA,NA,FALSE,Poor,Poor,582,,NA,NA,FALSE,,NA,NA,NA
AndreafskyWestAerial,Aerial,1973,788,NA,NA,NA,TRUE,TBI,Fair/Good,788,,788,NA,FALSE,,NA,NA,NA
AndreafskyWestAerial,Aerial,1974,285,NA,NA,NA,FALSE,Undefined,Undefined,285,,NA,NA,TRUE,,NA,NA,NA
AndreafskyWestAerial,Aerial,1975,120,NA,NA,NA,TRUE,TBI,Fair/Good,120,,120,NA,TRUE,,NA,NA,NA
AndreafskyWestAerial,Aerial,1976,643,NA,NA,NA,TRUE,TBI,Fair/Good,643,,643,NA,TRUE,,NA,NA,NA
AndreafskyWestAerial,Aerial,1977,1499,NA,NA,NA,TRUE,TBI,Fair/Good,1499,,1499,NA,FALSE,,NA,NA,NA
AndreafskyWestAerial,Aerial,1978,1062,NA,NA,NA,TRUE,TBI,Fair/Good,1062,,1062,NA,TRUE,,NA,NA,NA
AndreafskyWestAerial,Aerial,1979,1134,NA,NA,NA,TRUE,TBI,Fair/Good,1134,,1134,NA,FALSE,,NA,NA,NA
AndreafskyWestAerial,Aerial,1980,1500,NA,NA,NA,TRUE,TBI,Fair/Good,1500,,1500,NA,FALSE,,NA,NA,NA
AndreafskyWestAerial,Aerial,1981,231,NA,NA,NA,FALSE,Poor,Poor,231,,NA,NA,FALSE,,NA,NA,NA
AndreafskyWestAerial,Aerial,1982,851,NA,NA,NA,TRUE,TBI,Fair/Good,851,,851,NA,TRUE,,NA,NA,NA
AndreafskyWestAerial,Aerial,1983,NA,NA,NA,NA,FALSE,???,NA,NA,,NA,NA,FALSE,,NA,NA,NA
AndreafskyWestAerial,Aerial,1984,1993,NA,NA,NA,TRUE,TBI,Fair/Good,1993,,1988,NA,FALSE,,NA,NA,NA
AndreafskyWestAerial,Aerial,1985,2248,NA,NA,NA,TRUE,TBI,Fair/Good,2248,,2248,NA,TRUE,,NA,NA,NA
AndreafskyWestAerial,Aerial,1986,3158,NA,NA,NA,TRUE,TBI,Fair/Good,3158,,3158,NA,FALSE,,NA,NA,NA
AndreafskyWestAerial,Aerial,1987,3281,NA,NA,NA,TRUE,TBI,Fair/Good,3281,,3141,NA,TRUE,,NA,NA,NA
AndreafskyWestAerial,Aerial,1988,1448,NA,NA,NA,FALSE,Incomplete,Incomplete,1448,,NA,NA,FALSE,,NA,NA,NA
AndreafskyWestAerial,Aerial,1989,1089,NA,NA,NA,TRUE,TBI,Fair/Good,1089,,1089,NA,FALSE,,NA,NA,NA
AndreafskyWestAerial,Aerial,1990,1545,NA,NA,NA,TRUE,TBI,Fair/Good,1545,,1545,NA,TRUE,,NA,NA,NA
AndreafskyWestAerial,Aerial,1991,2544,NA,NA,NA,TRUE,TBI,Fair/Good,2544,,2544,NA,TRUE,,NA,NA,NA
AndreafskyWestAerial,Aerial,1992,2002,NA,NA,NA,FALSE,Poor,Poor,2002,,NA,NA,FALSE,,NA,NA,NA
AndreafskyWestAerial,Aerial,1993,2765,NA,NA,NA,TRUE,TBI,Fair/Good,2765,,2765,NA,TRUE,,NA,NA,NA
AndreafskyWestAerial,Aerial,1994,213,NA,NA,NA,FALSE,Incomplete,Incomplete,213,,NA,NA,TRUE,,NA,NA,NA
AndreafskyWestAerial,Aerial,1995,1108,NA,NA,NA,TRUE,TBI,Fair/Good,1108,,1108,NA,FALSE,,NA,NA,NA
AndreafskyWestAerial,Aerial,1996,624,NA,NA,NA,TRUE,TBI,Fair/Good,624,,624,NA,FALSE,,NA,NA,NA
AndreafskyWestAerial,Aerial,1997,1510,NA,NA,NA,TRUE,TBI,Fair/Good,1510,,1510,NA,FALSE,,NA,NA,NA
AndreafskyWestAerial,Aerial,1998,1249,NA,NA,NA,FALSE,Poor,Poor,1249,,NA,NA,FALSE,,NA,NA,NA
AndreafskyWestAerial,Aerial,1999,870,NA,NA,NA,FALSE,Incomplete,Incomplete,870,,NA,NA,FALSE,,NA,NA,NA
AndreafskyWestAerial,Aerial,2000,427,NA,NA,NA,TRUE,TBI,Undefined,427,,427,NA,FALSE,,NA,NA,NA
AndreafskyWestAerial,Aerial,2001,565,NA,NA,NA,TRUE,TBI,Fair/Good,565,,565,NA,FALSE,,NA,NA,NA
AndreafskyWestAerial,Aerial,2002,917,NA,NA,NA,TRUE,TBI,Fair/Good,917,,917,NA,FALSE,,NA,NA,NA
AndreafskyWestAerial,Aerial,2003,1578,NA,NA,NA,TRUE,TBI,Fair/Good,1578,,1578,NA,FALSE,,NA,NA,NA
AndreafskyWestAerial,Aerial,2004,1317,NA,NA,NA,TRUE,TBI,Fair/Good,1317,,1317,NA,FALSE,,NA,NA,NA
AndreafskyWestAerial,Aerial,2005,1492,NA,NA,NA,TRUE,TBI,Fair/Good,1492,,1492,NA,FALSE,,NA,NA,NA
AndreafskyWestAerial,Aerial,2006,824,NA,NA,NA,TRUE,TBI,Fair/Good,824,,824,NA,FALSE,,NA,NA,NA
AndreafskyWestAerial,Aerial,2007,976,NA,NA,NA,FALSE,Incomplete,Incomplete,976,,NA,NA,FALSE,,NA,NA,NA
AndreafskyWestAerial,Aerial,2008,262,NA,NA,NA,FALSE,Poor,Poor,262,,NA,NA,FALSE,,NA,NA,NA
AndreafskyWestAerial,Aerial,2009,1678,NA,NA,NA,TRUE,TBI,Fair/Good,1678,,1678,NA,FALSE,,NA,NA,NA
AndreafskyWestAerial,Aerial,2010,858,NA,NA,NA,TRUE,TBI,Fair/Good,858,,858,NA,FALSE,,NA,NA,NA
AndreafskyWestAerial,Aerial,2011,1173,NA,NA,NA,TRUE,TBI,Fair/Good,1173,,1173,NA,FALSE,,NA,NA,NA
AndreafskyWestAerial,Aerial,2012,227,NA,NA,NA,FALSE,Poor,Poor,227,,NA,NA,FALSE,,NA,NA,NA
AndreafskyWestAerial,Aerial,2013,1090,NA,NA,NA,TRUE,TBI,Fair/Good,1090,,1090,NA,FALSE,,NA,NA,NA
AndreafskyWestAerial,Aerial,2014,1695,NA,NA,NA,TRUE,TBI,Fair/Good,1695,,1695,NA,FALSE,,NA,NA,NA
AndreafskyWestAerial,Aerial,2015,1356,NA,NA,NA,FALSE,Poor,Poor,1356,,NA,NA,FALSE,,NA,NA,NA
AndreafskyWestAerial,Aerial,2016,NA,NA,NA,NA,FALSE,???,NA,NA,,NA,NA,FALSE,,NA,NA,NA
AndreafskyWestAerial,Aerial,2017,942,NA,NA,NA,TRUE,TBI,Fair/Good,942,,942,NA,FALSE,,NA,NA,NA
AndreafskyWestAerial,Aerial,2018,455,NA,NA,NA,TRUE,TBI,Fair/Good,455,,455,NA,FALSE,,NA,NA,NA
AndreafskyWestAerial,Aerial,2019,904,NA,NA,NA,TRUE,TBI,Fair/Good,904,,904,NA,FALSE,,NA,NA,NA
AnvikAerial,Aerial,1961,1226,NA,NA,NA,FALSE,???,Fair/Good,1226,Incomplete,NA,NA,TRUE,,NA,NA,NA
AnvikAerial,Aerial,1962,NA,NA,NA,NA,FALSE,???,NA,NA,Fair/Good,NA,NA,FALSE,,NA,NA,NA
AnvikAerial,Aerial,1963,NA,NA,NA,NA,FALSE,???,NA,NA,Fair/Good,NA,NA,FALSE,,NA,NA,NA
AnvikAerial,Aerial,1964,NA,NA,NA,NA,FALSE,???,NA,NA,Fair/Good,NA,NA,FALSE,,NA,NA,NA
AnvikAerial,Aerial,1965,650,NA,NA,NA,FALSE,Poor,Poor,650,Incomplete,NA,NA,FALSE,,NA,NA,NA
AnvikAerial,Aerial,1966,638,NA,NA,NA,FALSE,???,Fair/Good,638,Fair/Good,NA,NA,FALSE,,NA,NA,NA
AnvikAerial,Aerial,1967,336,NA,NA,NA,FALSE,Poor,Poor,336,Incomplete,NA,NA,FALSE,,NA,NA,NA
AnvikAerial,Aerial,1968,310,NA,NA,NA,FALSE,Poor,Poor,310,Incomplete,NA,NA,FALSE,,NA,NA,NA
AnvikAerial,Aerial,1969,296,NA,NA,NA,FALSE,Poor,Poor,296,Incomplete,NA,NA,FALSE,,NA,NA,NA
AnvikAerial,Aerial,1970,368,NA,NA,NA,FALSE,???,Fair/Good,368,Incomplete,NA,NA,FALSE,,NA,NA,NA
AnvikAerial,Aerial,1971,NA,NA,NA,NA,FALSE,???,NA,NA,Fair/Good,NA,NA,FALSE,,NA,NA,NA
AnvikAerial,Aerial,1972,418,NA,NA,NA,FALSE,???,Fair/Good,418,Incomplete,NA,369,FALSE,,NA,NA,NA
AnvikAerial,Aerial,1973,222,NA,NA,NA,FALSE,Poor,Poor,222,Incomplete,NA,222,FALSE,,NA,NA,NA
AnvikAerial,Aerial,1974,NA,NA,NA,NA,FALSE,???,NA,NA,Fair/Good,NA,NA,FALSE,,NA,NA,NA
AnvikAerial,Aerial,1975,232,NA,NA,NA,TRUE,TBI,Fair/Good,232,Fair/Good,232,214,FALSE,,NA,NA,NA
AnvikAerial,Aerial,1976,195,NA,NA,NA,FALSE,???,Fair/Good,195,Incomplete,NA,NA,TRUE,,NA,NA,NA
AnvikAerial,Aerial,1977,79,NA,NA,NA,FALSE,???,Fair/Good,79,Incomplete,NA,NA,FALSE,,NA,NA,NA
AnvikAerial,Aerial,1978,NA,NA,NA,NA,FALSE,???,NA,NA,Fair/Good,NA,NA,TRUE,,NA,NA,NA
AnvikAerial,Aerial,1979,670,NA,NA,NA,FALSE,???,Fair/Good,670,Incomplete,NA,650,TRUE,,NA,NA,NA
AnvikAerial,Aerial,1980,1330,NA,NA,NA,TRUE,TBI,Fair/Good,1330,Fair/Good,"1,323",1192,FALSE,,NA,NA,NA
AnvikAerial,Aerial,1981,807,NA,NA,NA,FALSE,Poor,Poor,807,Incomplete,NA,577,FALSE,,NA,NA,NA
AnvikAerial,Aerial,1982,NA,NA,NA,NA,FALSE,???,NA,NA,Fair/Good,NA,NA,FALSE,,NA,NA,NA
AnvikAerial,Aerial,1983,653,NA,NA,NA,FALSE,Poor,Poor,653,Incomplete,NA,NA,FALSE,,NA,NA,NA
AnvikAerial,Aerial,1984,641,NA,NA,NA,FALSE,Poor,Poor,641,Fair/Good,NA,574,FALSE,,NA,NA,NA
AnvikAerial,Aerial,1985,1097,NA,NA,NA,FALSE,???,Fair/Good,1097,Incomplete,NA,720,FALSE,,NA,NA,NA
AnvikAerial,Aerial,1986,1118,NA,NA,NA,FALSE,???,Fair/Good,1118,Incomplete,NA,918,FALSE,,NA,NA,NA
AnvikAerial,Aerial,1987,1169,NA,NA,NA,TRUE,TBI,Fair/Good,1169,Fair/Good,"1,160",879,TRUE,,NA,NA,NA
AnvikAerial,Aerial,1988,1805,NA,NA,NA,TRUE,TBI,Fair/Good,1805,Fair/Good,"1,788",1449,FALSE,,NA,NA,NA
AnvikAerial,Aerial,1989,442,NA,NA,NA,FALSE,Poor,Poor,442,Fair/Good,NA,212,FALSE,,NA,NA,NA
AnvikAerial,Aerial,1990,2347,NA,NA,NA,TRUE,TBI,Fair/Good,2347,Fair/Good,"2,222",1595,FALSE,,NA,NA,NA
AnvikAerial,Aerial,1991,875,NA,NA,NA,FALSE,Poor,Poor,875,Fair/Good,NA,628,FALSE,,NA,NA,NA
AnvikAerial,Aerial,1992,1536,NA,NA,NA,TRUE,TBI,Fair/Good,1536,Fair/Good,"1,515",931,FALSE,,NA,NA,NA
AnvikAerial,Aerial,1993,1720,NA,NA,NA,FALSE,???,NA,1720,Incomplete,NA,1526,FALSE,,NA,NA,NA
AnvikAerial,Aerial,1994,913,NA,NA,NA,FALSE,Poor,Poor,913,Fair/Good,NA,913,FALSE,,NA,NA,NA
AnvikAerial,Aerial,1995,1996,NA,NA,NA,TRUE,TBI,Fair/Good,1996,Fair/Good,"1,996",1147,FALSE,,NA,NA,NA
AnvikAerial,Aerial,1996,839,NA,NA,NA,TRUE,TBI,Fair/Good,839,Fair/Good,830,622,FALSE,,NA,NA,NA
AnvikAerial,Aerial,1997,3979,NA,NA,NA,TRUE,TBI,Fair/Good,3979,Fair/Good,"3,939",2690,FALSE,,NA,NA,NA
AnvikAerial,Aerial,1998,709,NA,NA,NA,FALSE,Poor,Poor,709,Incomplete,NA,648,FALSE,,NA,NA,NA
AnvikAerial,Aerial,1999,950,NA,NA,NA,FALSE,Poor,Poor,950,Incomplete,NA,950,FALSE,,NA,NA,NA
AnvikAerial,Aerial,2000,1394,NA,NA,NA,FALSE,???,NA,1394,Fair/Good,NA,NA,FALSE,,NA,NA,NA
AnvikAerial,Aerial,2001,1420,NA,NA,NA,TRUE,TBI,Fair/Good,1420,Fair/Good,"1,420",1177,FALSE,,NA,NA,NA
AnvikAerial,Aerial,2002,1713,NA,NA,NA,TRUE,TBI,Fair/Good,1713,Fair/Good,"1,713",1329,TRUE,,NA,NA,NA
AnvikAerial,Aerial,2003,973,NA,NA,NA,FALSE,Poor,Poor,973,Incomplete,NA,973,FALSE,,NA,NA,NA
AnvikAerial,Aerial,2004,3679,NA,NA,NA,TRUE,TBI,Fair/Good,3679,Fair/Good,"3,625",3304,FALSE,,NA,NA,NA
AnvikAerial,Aerial,2005,2421,NA,NA,NA,TRUE,TBI,Fair/Good,2421,Fair/Good,"2,410",1922,FALSE,,NA,NA,NA
AnvikAerial,Aerial,2006,1886,NA,NA,NA,FALSE,Incomplete,Incomplete,1886,Incomplete,NA,NA,FALSE,,NA,NA,NA
AnvikAerial,Aerial,2007,1731,NA,NA,NA,FALSE,???,Fair/Good,1731,Incomplete,NA,1497,FALSE,,NA,NA,NA
AnvikAerial,Aerial,2008,992,NA,NA,NA,FALSE,???,NA,992,Fair/Good,NA,827,FALSE,,NA,NA,NA
AnvikAerial,Aerial,2009,832,NA,NA,NA,TRUE,TBI,Fair/Good,832,Fair/Good,832,590,FALSE,,NA,NA,NA
AnvikAerial,Aerial,2010,974,NA,NA,NA,TRUE,TBI,Fair/Good,974,Fair/Good,965,721,FALSE,,NA,NA,NA
AnvikAerial,Aerial,2011,642,NA,NA,NA,TRUE,TBI,Fair/Good,642,Fair/Good,642,501,FALSE,,NA,NA,NA
AnvikAerial,Aerial,2012,722,NA,NA,NA,TRUE,TBI,Fair/Good,722,Fair/Good,722,451,FALSE,,NA,NA,NA
AnvikAerial,Aerial,2013,941,NA,NA,NA,TRUE,TBI,Fair/Good,941,Fair/Good,941,656,FALSE,,NA,NA,NA
AnvikAerial,Aerial,2014,1584,NA,NA,NA,TRUE,TBI,Fair/Good,1584,Fair/Good,"1,051",800,FALSE,,NA,NA,NA
AnvikAerial,Aerial,2015,2616,NA,NA,NA,TRUE,TBI,Fair/Good,2616,Fair/Good,"2,487",1726,FALSE,,NA,NA,NA
AnvikAerial,Aerial,2016,NA,NA,NA,NA,FALSE,???,NA,NA,Fair/Good,NA,NA,FALSE,,NA,NA,NA
AnvikAerial,Aerial,2017,1101,NA,NA,NA,TRUE,TBI,Fair/Good,1101,Fair/Good,"1,080",894,FALSE,,NA,NA,NA
AnvikAerial,Aerial,2018,1109,NA,NA,NA,TRUE,TBI,Fair/Good,1109,Fair/Good,"1,109",800,FALSE,,NA,NA,NA
AnvikAerial,Aerial,2019,1432,NA,NA,NA,TRUE,TBI,Fair/Good,1432,Fair/Good,"1,420",1043,FALSE,,NA,NA,NA
NulatoNorthForkAerial,Aerial,1961,376,NA,NA,NA,FALSE,Poor,Poor,376,Poor,NA,NA,FALSE,,NA,NA,NA
NulatoNorthForkAerial,Aerial,1962,NA,NA,NA,NA,NA,TBI,NA,NA,NA,NA,NA,FALSE,,NA,NA,NA
NulatoNorthForkAerial,Aerial,1963,NA,NA,NA,NA,NA,TBI,NA,NA,NA,NA,NA,FALSE,,NA,NA,NA
NulatoNorthForkAerial,Aerial,1964,NA,NA,NA,NA,NA,TBI,NA,NA,NA,NA,NA,FALSE,,NA,NA,NA
NulatoNorthForkAerial,Aerial,1965,NA,NA,NA,NA,NA,TBI,NA,NA,NA,NA,NA,FALSE,,NA,NA,NA
NulatoNorthForkAerial,Aerial,1966,NA,NA,NA,NA,NA,TBI,NA,NA,NA,NA,NA,FALSE,,NA,NA,NA
NulatoNorthForkAerial,Aerial,1967,NA,NA,NA,NA,NA,TBI,NA,NA,NA,NA,NA,FALSE,,NA,NA,NA
NulatoNorthForkAerial,Aerial,1968,NA,NA,NA,NA,NA,TBI,NA,NA,NA,NA,NA,FALSE,,NA,NA,NA
NulatoNorthForkAerial,Aerial,1969,NA,NA,NA,NA,NA,TBI,NA,NA,NA,NA,NA,FALSE,,NA,NA,NA
NulatoNorthForkAerial,Aerial,1970,NA,NA,NA,NA,NA,TBI,NA,NA,NA,NA,NA,FALSE,,NA,NA,NA
NulatoNorthForkAerial,Aerial,1971,NA,NA,NA,NA,NA,TBI,NA,NA,NA,NA,NA,FALSE,,NA,NA,NA
NulatoNorthForkAerial,Aerial,1972,NA,NA,NA,NA,NA,TBI,NA,NA,NA,NA,NA,FALSE,,NA,NA,NA
NulatoNorthForkAerial,Aerial,1973,NA,NA,NA,NA,NA,TBI,NA,NA,NA,NA,NA,FALSE,,NA,NA,NA
NulatoNorthForkAerial,Aerial,1974,55,NA,NA,NA,FALSE,Poor,Poor,55,Poor,NA,NA,FALSE,,NA,NA,NA
NulatoNorthForkAerial,Aerial,1975,123,NA,NA,NA,TRUE,TBI,Fair/Good,123,Fair/Good,123,NA,FALSE,,NA,NA,NA
NulatoNorthForkAerial,Aerial,1976,471,NA,NA,NA,TRUE,TBI,Fair/Good,471,Fair/Good,471,NA,TRUE,,NA,NA,NA
NulatoNorthForkAerial,Aerial,1977,286,NA,NA,NA,TRUE,TBI,Fair/Good,286,Fair/Good,286,NA,TRUE,,NA,NA,NA
NulatoNorthForkAerial,Aerial,1978,498,NA,NA,NA,TRUE,TBI,Fair/Good,498,Fair/Good,498,NA,TRUE,,NA,NA,NA
NulatoNorthForkAerial,Aerial,1979,1093,NA,NA,NA,TRUE,TBI,Fair/Good,1093,Fair/Good,1093,NA,FALSE,,NA,NA,NA
NulatoNorthForkAerial,Aerial,1980,954,NA,NA,NA,FALSE,Poor,Poor,954,Poor,NA,NA,TRUE,,NA,NA,NA
NulatoNorthForkAerial,Aerial,1981,NA,NA,NA,NA,NA,TBI,NA,NA,NA,NA,NA,FALSE,,NA,NA,NA
NulatoNorthForkAerial,Aerial,1982,NA,NA,NA,NA,NA,TBI,NA,NA,NA,NA,NA,FALSE,,NA,NA,NA
NulatoNorthForkAerial,Aerial,1983,526,NA,NA,NA,TRUE,TBI,Fair/Good,526,Fair/Good,526,NA,TRUE,,NA,NA,NA
NulatoNorthForkAerial,Aerial,1984,NA,NA,NA,NA,NA,TBI,NA,NA,NA,NA,NA,FALSE,,NA,NA,NA
NulatoNorthForkAerial,Aerial,1985,1600,NA,NA,NA,TRUE,TBI,Fair/Good,1600,Fair/Good,1600,NA,TRUE,,NA,NA,NA
NulatoNorthForkAerial,Aerial,1986,1452,NA,NA,NA,TRUE,TBI,Fair/Good,1452,Fair/Good,1452,NA,TRUE,,NA,NA,NA
NulatoNorthForkAerial,Aerial,1987,1145,NA,NA,NA,TRUE,TBI,Fair/Good,1145,Fair/Good,1145,NA,TRUE,,NA,NA,NA
NulatoNorthForkAerial,Aerial,1988,1061,NA,NA,NA,TRUE,TBI,Fair/Good,1061,Fair/Good,1061,NA,TRUE,,NA,NA,NA
NulatoNorthForkAerial,Aerial,1989,NA,NA,NA,NA,NA,TBI,NA,NA,NA,NA,NA,FALSE,,NA,NA,NA
NulatoNorthForkAerial,Aerial,1990,568,NA,NA,NA,FALSE,Poor,Poor,568,Poor,NA,NA,FALSE,,NA,NA,NA
NulatoNorthForkAerial,Aerial,1991,767,NA,NA,NA,TRUE,TBI,Fair/Good,767,Fair/Good,767,NA,TRUE,,NA,NA,NA
NulatoNorthForkAerial,Aerial,1992,348,NA,NA,NA,TRUE,TBI,Fair/Good,348,Fair/Good,348,NA,TRUE,,NA,NA,NA
NulatoNorthForkAerial,Aerial,1993,1844,NA,NA,NA,TRUE,TBI,Fair/Good,1844,Fair/Good,1844,NA,TRUE,,NA,NA,NA
NulatoNorthForkAerial,Aerial,1994,NA,NA,NA,NA,NA,TBI,NA,NA,NA,NA,NA,FALSE,,NA,NA,NA
NulatoNorthForkAerial,Aerial,1995,968,NA,NA,NA,TRUE,TBI,Fair/Good,968,Fair/Good,968,NA,FALSE,,NA,NA,NA
NulatoNorthForkAerial,Aerial,1996,NA,NA,NA,NA,NA,TBI,NA,NA,NA,NA,NA,FALSE,,NA,NA,NA
NulatoNorthForkAerial,Aerial,1997,NA,NA,NA,NA,NA,TBI,NA,NA,NA,NA,NA,FALSE,,NA,NA,NA
NulatoNorthForkAerial,Aerial,1998,507,NA,NA,NA,TRUE,TBI,Fair/Good,507,Fair/Good,507,NA,FALSE,,NA,NA,NA
NulatoNorthForkAerial,Aerial,1999,NA,NA,NA,NA,NA,TBI,NA,NA,NA,NA,NA,FALSE,,NA,NA,NA
NulatoNorthForkAerial,Aerial,2000,NA,NA,NA,NA,NA,TBI,NA,NA,NA,NA,NA,FALSE,,NA,NA,NA
NulatoNorthForkAerial,Aerial,2001,1116,NA,NA,NA,TRUE,TBI,Fair/Good,1116,Fair/Good,1116,NA,FALSE,,NA,NA,NA
NulatoNorthForkAerial,Aerial,2002,687,NA,NA,NA,TRUE,TBI,Fair/Good,687,Fair/Good,687,NA,FALSE,,NA,NA,NA
NulatoNorthForkAerial,Aerial,2003,NA,NA,NA,NA,NA,TBI,NA,NA,NA,NA,NA,FALSE,,NA,NA,NA
NulatoNorthForkAerial,Aerial,2004,856,NA,NA,NA,FALSE,???,Fair/Good,856,Fair/Good,NA,NA,FALSE,,NA,NA,NA
NulatoNorthForkAerial,Aerial,2005,323,NA,NA,NA,FALSE,???,Fair/Good,323,Fair/Good,NA,NA,FALSE,,NA,NA,NA
NulatoNorthForkAerial,Aerial,2006,620,NA,NA,NA,TRUE,TBI,Fair/Good,620,Fair/Good,620,NA,FALSE,,NA,NA,NA
NulatoNorthForkAerial,Aerial,2007,1684,NA,NA,NA,TRUE,TBI,Fair/Good,1684,Fair/Good,1684,NA,FALSE,,NA,NA,NA
NulatoNorthForkAerial,Aerial,2008,415,NA,NA,NA,TRUE,TBI,Fair/Good,415,Fair/Good,415,NA,FALSE,,NA,NA,NA
NulatoNorthForkAerial,Aerial,2009,1418,NA,NA,NA,TRUE,TBI,Fair/Good,1418,Fair/Good,1418,NA,FALSE,,NA,NA,NA
NulatoNorthForkAerial,Aerial,2010,356,NA,NA,NA,TRUE,TBI,Fair/Good,356,Fair/Good,356,NA,FALSE,,NA,NA,NA
NulatoNorthForkAerial,Aerial,2011,788,NA,NA,NA,TRUE,TBI,Fair/Good,788,Fair/Good,788,NA,FALSE,,NA,NA,NA
NulatoNorthForkAerial,Aerial,2012,682,NA,NA,NA,TRUE,TBI,Fair/Good,682,Fair/Good,682,NA,FALSE,,NA,NA,NA
NulatoNorthForkAerial,Aerial,2013,586,NA,NA,NA,TRUE,TBI,Fair/Good,586,Fair/Good,586,NA,FALSE,,NA,NA,NA
NulatoNorthForkAerial,Aerial,2014,NA,NA,NA,NA,NA,TBI,NA,NA,NA,NA,NA,FALSE,,NA,NA,NA
NulatoNorthForkAerial,Aerial,2015,999,NA,NA,NA,TRUE,TBI,Fair/Good,999,Fair/Good,999,NA,FALSE,,NA,NA,NA
NulatoNorthForkAerial,Aerial,2016,NA,NA,NA,NA,NA,TBI,NA,NA,NA,NA,NA,FALSE,,NA,NA,NA
NulatoNorthForkAerial,Aerial,2017,500,NA,NA,NA,TRUE,TBI,Fair/Good,500,Fair/Good,468,NA,FALSE,,NA,NA,NA
NulatoNorthForkAerial,Aerial,2018,438,NA,NA,NA,TRUE,TBI,Fair/Good,438,Fair/Good,438,NA,FALSE,,NA,NA,NA
NulatoNorthForkAerial,Aerial,2019,656,NA,NA,NA,TRUE,TBI,Fair/Good,656,Fair/Good,656,NA,FALSE,,NA,NA,NA
NulatoSouthForkAerial,Aerial,1961,167,NA,NA,NA,FALSE,???,Fair/Good,167,Fair/Good,NA,NA,FALSE,,NA,NA,NA
NulatoSouthForkAerial,Aerial,1962,NA,NA,NA,NA,NA,TBI,NA,NA,NA,NA,NA,FALSE,,NA,NA,NA
NulatoSouthForkAerial,Aerial,1963,NA,NA,NA,NA,NA,TBI,NA,NA,NA,NA,NA,FALSE,,NA,NA,NA
NulatoSouthForkAerial,Aerial,1964,NA,NA,NA,NA,NA,TBI,NA,NA,NA,NA,NA,FALSE,,NA,NA,NA
NulatoSouthForkAerial,Aerial,1965,NA,NA,NA,NA,NA,TBI,NA,NA,NA,NA,NA,FALSE,,NA,NA,NA
NulatoSouthForkAerial,Aerial,1966,NA,NA,NA,NA,NA,TBI,NA,NA,NA,NA,NA,FALSE,,NA,NA,NA
NulatoSouthForkAerial,Aerial,1967,NA,NA,NA,NA,NA,TBI,NA,NA,NA,NA,NA,FALSE,,NA,NA,NA
NulatoSouthForkAerial,Aerial,1968,NA,NA,NA,NA,NA,TBI,NA,NA,NA,NA,NA,FALSE,,NA,NA,NA
NulatoSouthForkAerial,Aerial,1969,NA,NA,NA,NA,NA,TBI,NA,NA,NA,NA,NA,FALSE,,NA,NA,NA
NulatoSouthForkAerial,Aerial,1970,NA,NA,NA,NA,NA,TBI,NA,NA,NA,NA,NA,FALSE,,NA,NA,NA
NulatoSouthForkAerial,Aerial,1971,NA,NA,NA,NA,NA,TBI,NA,NA,NA,NA,NA,FALSE,,NA,NA,NA
NulatoSouthForkAerial,Aerial,1972,NA,NA,NA,NA,NA,TBI,NA,NA,NA,NA,NA,FALSE,,NA,NA,NA
NulatoSouthForkAerial,Aerial,1973,NA,NA,NA,NA,NA,TBI,NA,NA,NA,NA,NA,FALSE,,NA,NA,NA
NulatoSouthForkAerial,Aerial,1974,23,NA,NA,NA,FALSE,Poor,Poor,23,Poor,NA,NA,FALSE,,NA,NA,NA
NulatoSouthForkAerial,Aerial,1975,81,NA,NA,NA,TRUE,TBI,Fair/Good,81,Fair/Good,81,NA,FALSE,,NA,NA,NA
NulatoSouthForkAerial,Aerial,1976,177,NA,NA,NA,TRUE,TBI,Fair/Good,177,Fair/Good,177,NA,TRUE,,NA,NA,NA
NulatoSouthForkAerial,Aerial,1977,201,NA,NA,NA,TRUE,TBI,Fair/Good,201,Fair/Good,201,NA,TRUE,,NA,NA,NA
NulatoSouthForkAerial,Aerial,1978,422,NA,NA,NA,TRUE,TBI,Fair/Good,422,Fair/Good,422,NA,TRUE,,NA,NA,NA
NulatoSouthForkAerial,Aerial,1979,414,NA,NA,NA,TRUE,TBI,Fair/Good,414,Fair/Good,414,NA,FALSE,,NA,NA,NA
NulatoSouthForkAerial,Aerial,1980,369,NA,NA,NA,FALSE,Poor,Poor,369,Poor,NA,NA,TRUE,,NA,NA,NA
NulatoSouthForkAerial,Aerial,1981,791,NA,NA,NA,TRUE,TBI,Fair/Good,791,Fair/Good,791,NA,FALSE,,NA,NA,NA
NulatoSouthForkAerial,Aerial,1982,NA,NA,NA,NA,NA,TBI,NA,NA,NA,NA,NA,FALSE,,NA,NA,NA
NulatoSouthForkAerial,Aerial,1983,480,NA,NA,NA,TRUE,TBI,Fair/Good,480,Fair/Good,480,NA,TRUE,,NA,NA,NA
NulatoSouthForkAerial,Aerial,1984,NA,NA,NA,NA,NA,TBI,NA,NA,NA,NA,NA,FALSE,,NA,NA,NA
NulatoSouthForkAerial,Aerial,1985,1180,NA,NA,NA,TRUE,TBI,Fair/Good,1180,Fair/Good,1180,NA,TRUE,,NA,NA,NA
NulatoSouthForkAerial,Aerial,1986,1522,NA,NA,NA,TRUE,TBI,Fair/Good,1522,Fair/Good,1522,NA,TRUE,,NA,NA,NA
NulatoSouthForkAerial,Aerial,1987,493,NA,NA,NA,TRUE,TBI,Fair/Good,493,Fair/Good,493,NA,TRUE,,NA,NA,NA
NulatoSouthForkAerial,Aerial,1988,714,NA,NA,NA,TRUE,TBI,Fair/Good,714,Fair/Good,714,NA,TRUE,,NA,NA,NA
NulatoSouthForkAerial,Aerial,1989,NA,NA,NA,NA,NA,TBI,NA,NA,NA,NA,NA,FALSE,,NA,NA,NA
NulatoSouthForkAerial,Aerial,1990,430,NA,NA,NA,FALSE,Poor,Poor,430,Poor,NA,NA,FALSE,,NA,NA,NA
NulatoSouthForkAerial,Aerial,1991,1253,NA,NA,NA,TRUE,TBI,Fair/Good,1253,Fair/Good,1253,NA,TRUE,,NA,NA,NA
NulatoSouthForkAerial,Aerial,1992,231,NA,NA,NA,TRUE,TBI,Fair/Good,231,Fair/Good,231,NA,TRUE,,NA,NA,NA
NulatoSouthForkAerial,Aerial,1993,1181,NA,NA,NA,TRUE,TBI,Fair/Good,1181,Fair/Good,1181,NA,TRUE,,NA,NA,NA
NulatoSouthForkAerial,Aerial,1994,NA,NA,NA,NA,NA,TBI,NA,NA,NA,NA,NA,FALSE,,NA,NA,NA
NulatoSouthForkAerial,Aerial,1995,681,NA,NA,NA,TRUE,TBI,Fair/Good,681,Fair/Good,681,NA,FALSE,,NA,NA,NA
NulatoSouthForkAerial,Aerial,1996,100,NA,NA,NA,FALSE,Incomplete,Incomplete,100,Incomplete,NA,NA,FALSE,,NA,NA,NA
NulatoSouthForkAerial,Aerial,1997,NA,NA,NA,NA,NA,TBI,NA,NA,NA,NA,NA,FALSE,,NA,NA,NA
NulatoSouthForkAerial,Aerial,1998,546,NA,NA,NA,FALSE,Incomplete,Incomplete,546,Incomplete,NA,NA,TRUE,,NA,NA,NA
NulatoSouthForkAerial,Aerial,1999,NA,NA,NA,NA,NA,TBI,NA,NA,NA,NA,NA,FALSE,,NA,NA,NA
NulatoSouthForkAerial,Aerial,2000,NA,NA,NA,NA,NA,TBI,NA,NA,NA,NA,NA,FALSE,,NA,NA,NA
NulatoSouthForkAerial,Aerial,2001,768,NA,NA,NA,TRUE,TBI,Fair/Good,768,Fair/Good,768,NA,FALSE,,NA,NA,NA
NulatoSouthForkAerial,Aerial,2002,897,NA,NA,NA,TRUE,TBI,Fair/Good,897,Fair/Good,897,NA,FALSE,,NA,NA,NA
NulatoSouthForkAerial,Aerial,2003,NA,NA,NA,NA,NA,TBI,NA,NA,NA,NA,NA,FALSE,,NA,NA,NA
NulatoSouthForkAerial,Aerial,2004,465,NA,NA,NA,FALSE,???,Fair/Good,465,Fair/Good,NA,NA,FALSE,,NA,NA,NA
NulatoSouthForkAerial,Aerial,2005,230,NA,NA,NA,FALSE,???,Fair/Good,230,Fair/Good,NA,NA,FALSE,,NA,NA,NA
NulatoSouthForkAerial,Aerial,2006,672,NA,NA,NA,TRUE,TBI,Fair/Good,672,Fair/Good,672,NA,FALSE,,NA,NA,NA
NulatoSouthForkAerial,Aerial,2007,899,NA,NA,NA,TRUE,TBI,Fair/Good,899,Fair/Good,899,NA,FALSE,,NA,NA,NA
NulatoSouthForkAerial,Aerial,2008,507,NA,NA,NA,TRUE,TBI,Fair/Good,507,Fair/Good,507,NA,FALSE,,NA,NA,NA
NulatoSouthForkAerial,Aerial,2009,842,NA,NA,NA,TRUE,TBI,Fair/Good,842,Fair/Good,842,NA,FALSE,,NA,NA,NA
NulatoSouthForkAerial,Aerial,2010,355,NA,NA,NA,TRUE,TBI,Fair/Good,355,Fair/Good,355,NA,FALSE,,NA,NA,NA
NulatoSouthForkAerial,Aerial,2011,613,NA,NA,NA,TRUE,TBI,Fair/Good,613,Fair/Good,613,NA,FALSE,,NA,NA,NA
NulatoSouthForkAerial,Aerial,2012,692,NA,NA,NA,TRUE,TBI,Fair/Good,692,Fair/Good,692,NA,FALSE,,NA,NA,NA
NulatoSouthForkAerial,Aerial,2013,532,NA,NA,NA,TRUE,TBI,Fair/Good,532,Fair/Good,532,NA,FALSE,,NA,NA,NA
NulatoSouthForkAerial,Aerial,2014,NA,NA,NA,NA,NA,TBI,NA,NA,NA,NA,NA,FALSE,,NA,NA,NA
NulatoSouthForkAerial,Aerial,2015,565,NA,NA,NA,TRUE,TBI,Fair/Good,565,Fair/Good,565,NA,FALSE,,NA,NA,NA
NulatoSouthForkAerial,Aerial,2016,NA,NA,NA,NA,NA,TBI,NA,NA,NA,NA,NA,FALSE,,NA,NA,NA
NulatoSouthForkAerial,Aerial,2017,443,NA,NA,NA,TRUE,TBI,Fair/Good,443,Fair/Good,443,NA,FALSE,,NA,NA,NA
NulatoSouthForkAerial,Aerial,2018,432,NA,NA,NA,TRUE,TBI,Fair/Good,432,Fair/Good,432,NA,FALSE,,NA,NA,NA
NulatoSouthForkAerial,Aerial,2019,485,NA,NA,NA,TRUE,TBI,Fair/Good,485,Fair/Good,485,NA,FALSE,,NA,NA,NA
GisasaAerial,Aerial,1961,266,NA,NA,NA,FALSE,Poor,Poor,266,NA,NA,NA,FALSE,,NA,NA,NA
GisasaAerial,Aerial,1962,NA,NA,NA,NA,NA,TBI,NA,NA,NA,NA,NA,FALSE,,NA,NA,NA
GisasaAerial,Aerial,1963,NA,NA,NA,NA,NA,TBI,NA,NA,NA,NA,NA,FALSE,,NA,NA,NA
GisasaAerial,Aerial,1964,NA,NA,NA,NA,NA,TBI,NA,NA,NA,NA,NA,FALSE,,NA,NA,NA
GisasaAerial,Aerial,1965,NA,NA,NA,NA,NA,TBI,NA,NA,NA,NA,NA,FALSE,,NA,NA,NA
GisasaAerial,Aerial,1966,NA,NA,NA,NA,NA,TBI,NA,NA,NA,NA,NA,FALSE,,NA,NA,NA
GisasaAerial,Aerial,1967,NA,NA,NA,NA,NA,TBI,NA,NA,NA,NA,NA,FALSE,,NA,NA,NA
GisasaAerial,Aerial,1968,NA,NA,NA,NA,NA,TBI,NA,NA,NA,NA,NA,FALSE,,NA,NA,NA
GisasaAerial,Aerial,1969,NA,NA,NA,NA,NA,TBI,NA,NA,NA,NA,NA,FALSE,,NA,NA,NA
GisasaAerial,Aerial,1970,NA,NA,NA,NA,NA,TBI,NA,NA,NA,NA,NA,FALSE,,NA,NA,NA
GisasaAerial,Aerial,1971,NA,NA,NA,NA,NA,TBI,NA,NA,NA,NA,NA,FALSE,,NA,NA,NA
GisasaAerial,Aerial,1972,NA,NA,NA,NA,NA,TBI,NA,NA,NA,NA,NA,FALSE,,NA,NA,NA
GisasaAerial,Aerial,1973,NA,NA,NA,NA,NA,TBI,NA,NA,NA,NA,NA,FALSE,,NA,NA,NA
GisasaAerial,Aerial,1974,161,NA,NA,NA,TRUE,TBI,Fair/Good,161,NA,NA,NA,FALSE,,NA,NA,NA
GisasaAerial,Aerial,1975,385,NA,NA,NA,TRUE,TBI,Fair/Good,385,NA,NA,NA,FALSE,,NA,NA,NA
GisasaAerial,Aerial,1976,332,NA,NA,NA,TRUE,TBI,Fair/Good,332,NA,NA,NA,FALSE,,NA,NA,NA
GisasaAerial,Aerial,1977,255,NA,NA,NA,TRUE,TBI,Fair/Good,255,NA,NA,NA,TRUE,,NA,NA,NA
GisasaAerial,Aerial,1978,45,NA,NA,NA,FALSE,Poor,Poor,45,NA,NA,NA,FALSE,,NA,NA,NA
GisasaAerial,Aerial,1979,484,NA,NA,NA,TRUE,TBI,Fair/Good,484,NA,NA,NA,FALSE,,NA,NA,NA
GisasaAerial,Aerial,1980,951,NA,NA,NA,TRUE,TBI,Fair/Good,951,NA,NA,NA,FALSE,,NA,NA,NA
GisasaAerial,Aerial,1981,NA,NA,NA,NA,NA,TBI,NA,NA,NA,NA,NA,FALSE,,NA,NA,NA
GisasaAerial,Aerial,1982,421,NA,NA,NA,TRUE,TBI,Fair/Good,421,NA,NA,NA,FALSE,,NA,NA,NA
GisasaAerial,Aerial,1983,572,NA,NA,NA,TRUE,TBI,Fair/Good,572,NA,NA,NA,TRUE,,NA,NA,NA
GisasaAerial,Aerial,1984,NA,NA,NA,NA,NA,TBI,NA,NA,NA,NA,NA,FALSE,,NA,NA,NA
GisasaAerial,Aerial,1985,735,NA,NA,NA,TRUE,TBI,Fair/Good,735,NA,NA,NA,FALSE,,NA,NA,NA
GisasaAerial,Aerial,1986,1346,NA,NA,NA,TRUE,TBI,Fair/Good,1346,NA,NA,NA,TRUE,,NA,NA,NA
GisasaAerial,Aerial,1987,731,NA,NA,NA,TRUE,TBI,Fair/Good,731,NA,NA,NA,FALSE,,NA,NA,NA
GisasaAerial,Aerial,1988,797,NA,NA,NA,TRUE,TBI,Fair/Good,797,NA,NA,NA,TRUE,,NA,NA,NA
GisasaAerial,Aerial,1989,NA,NA,NA,NA,NA,TBI,NA,NA,NA,NA,NA,FALSE,,NA,NA,NA
GisasaAerial,Aerial,1990,884,NA,NA,NA,TRUE,TBI,Poor,884,NA,NA,NA,FALSE,,NA,NA,NA
GisasaAerial,Aerial,1991,1690,NA,NA,NA,TRUE,TBI,Fair/Good,1690,NA,NA,NA,TRUE,,NA,NA,NA
GisasaAerial,Aerial,1992,910,NA,NA,NA,TRUE,TBI,Fair/Good,910,NA,NA,NA,TRUE,,NA,NA,NA
GisasaAerial,Aerial,1993,1385,NA,NA,NA,TRUE,TBI,Fair/Good,1385,NA,NA,NA,TRUE,,NA,NA,NA
GisasaAerial,Aerial,1994,2775,NA,NA,NA,TRUE,TBI,Fair/Good,2775,NA,NA,NA,TRUE,,NA,NA,NA
GisasaAerial,Aerial,1995,410,NA,NA,NA,TRUE,TBI,Fair/Good,410,NA,NA,NA,FALSE,,NA,NA,NA
GisasaAerial,Aerial,1996,NA,NA,NA,NA,NA,TBI,NA,NA,NA,NA,NA,FALSE,,NA,NA,NA
GisasaAerial,Aerial,1997,144,NA,NA,NA,FALSE,Incomplete,Incomplete,144,NA,NA,NA,FALSE,,NA,NA,NA
GisasaAerial,Aerial,1998,889,NA,NA,NA,FALSE,Poor,Poor,889,NA,NA,NA,FALSE,,NA,NA,NA
GisasaAerial,Aerial,1999,NA,NA,NA,NA,NA,TBI,NA,NA,NA,NA,NA,FALSE,,NA,NA,NA
GisasaAerial,Aerial,2000,NA,NA,NA,NA,NA,TBI,NA,NA,NA,NA,NA,FALSE,,NA,NA,NA
GisasaAerial,Aerial,2001,1298,NA,NA,NA,TRUE,TBI,Fair/Good,1298,NA,NA,NA,FALSE,,NA,NA,NA
GisasaAerial,Aerial,2002,506,NA,NA,NA,TRUE,TBI,Fair/Good,506,NA,NA,NA,FALSE,,NA,NA,NA
GisasaAerial,Aerial,2003,NA,NA,NA,NA,NA,TBI,NA,NA,NA,NA,NA,FALSE,,NA,NA,NA
GisasaAerial,Aerial,2004,731,NA,NA,NA,TRUE,TBI,Fair/Good,731,NA,NA,NA,FALSE,,NA,NA,NA
GisasaAerial,Aerial,2005,958,NA,NA,NA,TRUE,TBI,Fair/Good,958,NA,NA,NA,FALSE,,NA,NA,NA
GisasaAerial,Aerial,2006,843,NA,NA,NA,TRUE,TBI,Fair/Good,843,NA,NA,NA,FALSE,,NA,NA,NA
GisasaAerial,Aerial,2007,593,NA,NA,NA,TRUE,TBI,Fair/Good,593,NA,NA,NA,FALSE,,NA,NA,NA
GisasaAerial,Aerial,2008,487,NA,NA,NA,TRUE,TBI,Fair/Good,487,NA,NA,NA,FALSE,,NA,NA,NA
GisasaAerial,Aerial,2009,515,NA,NA,NA,TRUE,TBI,Fair/Good,515,NA,NA,NA,FALSE,,NA,NA,NA
GisasaAerial,Aerial,2010,264,NA,NA,NA,TRUE,TBI,Fair/Good,264,NA,NA,NA,FALSE,,NA,NA,NA
GisasaAerial,Aerial,2011,906,NA,NA,NA,TRUE,TBI,Fair/Good,906,NA,NA,NA,TRUE,,NA,NA,NA
GisasaAerial,Aerial,2012,NA,NA,NA,NA,NA,TBI,NA,NA,NA,NA,NA,FALSE,,NA,NA,NA
GisasaAerial,Aerial,2013,201,NA,NA,NA,FALSE,Poor,Poor,201,NA,NA,NA,FALSE,,NA,NA,NA
GisasaAerial,Aerial,2014,NA,NA,NA,NA,NA,TBI,NA,NA,NA,NA,NA,FALSE,,NA,NA,NA
GisasaAerial,Aerial,2015,558,NA,NA,NA,TRUE,TBI,Fair/Good,558,NA,NA,NA,FALSE,,NA,NA,NA
GisasaAerial,Aerial,2016,NA,NA,NA,NA,NA,TBI,NA,NA,NA,NA,NA,FALSE,,NA,NA,NA
GisasaAerial,Aerial,2017,NA,NA,NA,NA,NA,TBI,NA,NA,NA,NA,NA,FALSE,,NA,NA,NA
GisasaAerial,Aerial,2018,452,NA,NA,NA,TRUE,TBI,Fair/Good,452,NA,NA,NA,FALSE,,NA,NA,NA
GisasaAerial,Aerial,2019,NA,NA,NA,NA,NA,TBI,NA,NA,NA,NA,NA,FALSE,,NA,NA,NA
TozitnaAerial,Aerial,1985,86,,,,TRUE,,Good,,,,,,,Pre-peak,PA-18,ADF&G
TozitnaAerial,Aerial,1986,222,,,,TRUE,,Good,,,,,,,Undefined,PA-18,ADF&G
TozitnaAerial,Aerial,1987,NA,NA,NA,NA,NA,TBI,NA,NA,NA,NA,NA,FALSE,,NA,NA,NA
TozitnaAerial,Aerial,1988,81,,,,FALSE,"Good, but incomplete",Good,,,,,,,Peak ,PA-18,ADF&G
TozitnaAerial,Aerial,1989,NA,NA,NA,NA,NA,TBI,NA,NA,NA,NA,NA,FALSE,,NA,NA,NA
TozitnaAerial,Aerial,1990,149,,,,FALSE,"Fair, but can  not separate count to index area",Fair,,,,,,,After-peak,C-185,ADF&G
TozitnaAerial,Aerial,1991,119,,,,FALSE,"Fair, but can  not separate count to index area",Fair,,,,,,,Pre-peak,PA-18,ADF&G
TozitnaAerial,Aerial,1992,69,,,,TRUE,,Fair,,,,,,,Peak ,PA-18,ADF&G
TozitnaAerial,Aerial,1993,389,,,,TRUE,,Good,,,,,,,Peak ,PA-18,ADF&G
TozitnaAerial,Aerial,1994,NA,NA,NA,NA,NA,TBI,NA,NA,NA,NA,NA,FALSE,,NA,NA,NA
TozitnaAerial,Aerial,1995,394,,,,TRUE,,Fair,,,,,,,Pre-peak,PA-18,ADF&G
TozitnaAerial,Aerial,1996,355,,,,FALSE,"Fair, but can not separate count to index area",Fair,,,,,,,After-peak,PA-18,ADF&G
TozitnaAerial,Aerial,1997,185,,,,FALSE,Poor,Poor,,,,,,,Peak ,PA-18,ADF&G
TozitnaAerial,Aerial,1998,0,,,,FALSE,Poor,Poor,,,,,,,Pre-peak,PA-18,ADF&G
TozitnaAerial,Aerial,1999,NA,NA,NA,NA,NA,TBI,NA,NA,NA,NA,NA,FALSE,,NA,NA,NA
TozitnaAerial,Aerial,2000,NA,NA,NA,NA,NA,TBI,NA,NA,NA,NA,NA,FALSE,,NA,NA,NA
TozitnaAerial,Aerial,2001,534,,,,TRUE,,Good,,,,,,,After-peak,PA-18,BLM
TozitnaAerial,Aerial,2002,34,,,,FALSE,"Good, but outside index area",Good,,,,,,,After-peak,Helicopter,BLM
TozitnaAerial,Aerial,2003,NA,NA,NA,NA,NA,TBI,NA,NA,NA,NA,NA,FALSE,,NA,NA,NA
TozitnaAerial,Aerial,2004,NA,NA,NA,NA,NA,TBI,NA,NA,NA,NA,NA,FALSE,,NA,NA,NA
TozitnaAerial,Aerial,2005,NA,NA,NA,NA,NA,TBI,NA,NA,NA,NA,NA,FALSE,,NA,NA,NA
TozitnaAerial,Aerial,2006,792,,,,TRUE,,Good,,,,,,,Peak ,Helicopter,BLM
TozitnaAerial,Aerial,2007,NA,NA,NA,NA,NA,TBI,NA,NA,NA,NA,NA,FALSE,,NA,NA,NA
TozitnaAerial,Aerial,2008,1,,,,FALSE,"Good, but incomplete - focus was redd counts",Good,,,,,,,Peak ,Helicopter,BLM
TozitnaAerial,Aerial,2009,832,,,,TRUE,"Good, but includes counts upriver from index area",Good,,,,,,,Peak ,Helicopter,BLM
TozitnaAerial,Aerial,2010,NA,NA,NA,NA,NA,TBI,NA,NA,NA,NA,NA,FALSE,,NA,NA,NA
TozitnaAerial,Aerial,2011,320,,,,TRUE,,Good,,,,,,,Peak ,C-180,ADF&G
TozitnaAerial,Aerial,2012,125,,,,TRUE,,Good,,,,,,,Peak ,Helicopter,ADF&G
TozitnaAerial,Aerial,2013,NA,NA,NA,NA,NA,TBI,NA,NA,NA,NA,NA,FALSE,,NA,NA,NA
TozitnaAerial,Aerial,2014,NA,NA,NA,NA,NA,TBI,NA,NA,NA,NA,NA,FALSE,,NA,NA,NA
TozitnaAerial,Aerial,2015,NA,NA,NA,NA,NA,TBI,NA,NA,NA,NA,NA,FALSE,,NA,NA,NA
TozitnaAerial,Aerial,2016,NA,NA,NA,NA,NA,TBI,NA,NA,NA,NA,NA,FALSE,,NA,NA,NA
TozitnaAerial,Aerial,2017,NA,NA,NA,NA,NA,TBI,NA,NA,NA,NA,NA,FALSE,,NA,NA,NA
TozitnaAerial,Aerial,2018,NA,NA,NA,NA,NA,TBI,NA,NA,NA,NA,NA,FALSE,,NA,NA,NA
TozitnaAerial,Aerial,2019,NA,NA,NA,NA,NA,TBI,NA,NA,NA,NA,NA,FALSE,,NA,NA,NA
